Using pre-set license
Built from '2022.3/respin/2022.3.62f2-4af31df585-v2' branch; Version is '2022.3.62f3 (96770f904ca7) revision 9860879'; Using compiler version '192829333'; Build Type 'Release'
OS: 'Windows 10  (10.0.19045) 64bit Core' Language: 'en' Physical Memory: 32607 MB
BatchMode: 1, IsHumanControllingUs: 0, StartBugReporterOnCrash: 0, Is64bit: 1, IsPro: 1

COMMAND LINE ARGUMENTS:
C:\Program Files\Unity\Hub\Editor\2022.3.62f3\Editor\Unity.exe
-adb2
-batchMode
-noUpm
-name
AssetImportWorker2
-projectPath
C:/Users/Angel Flores/Documents/GitHub/StarFox
-logFile
Logs/AssetImportWorker2.log
-srvPort
62733
Successfully changed project path to: C:/Users/Angel Flores/Documents/GitHub/StarFox
C:/Users/Angel Flores/Documents/GitHub/StarFox
[UnityMemory] Configuration Parameters - Can be set up in boot.config
    "memorysetup-bucket-allocator-granularity=16"
    "memorysetup-bucket-allocator-bucket-count=8"
    "memorysetup-bucket-allocator-block-size=33554432"
    "memorysetup-bucket-allocator-block-count=8"
    "memorysetup-main-allocator-block-size=16777216"
    "memorysetup-thread-allocator-block-size=16777216"
    "memorysetup-gfx-main-allocator-block-size=16777216"
    "memorysetup-gfx-thread-allocator-block-size=16777216"
    "memorysetup-cache-allocator-block-size=4194304"
    "memorysetup-typetree-allocator-block-size=2097152"
    "memorysetup-profiler-bucket-allocator-granularity=16"
    "memorysetup-profiler-bucket-allocator-bucket-count=8"
    "memorysetup-profiler-bucket-allocator-block-size=33554432"
    "memorysetup-profiler-bucket-allocator-block-count=8"
    "memorysetup-profiler-allocator-block-size=16777216"
    "memorysetup-profiler-editor-allocator-block-size=1048576"
    "memorysetup-temp-allocator-size-main=16777216"
    "memorysetup-job-temp-allocator-block-size=2097152"
    "memorysetup-job-temp-allocator-block-size-background=1048576"
    "memorysetup-job-temp-allocator-reduction-small-platforms=262144"
    "memorysetup-allocator-temp-initial-block-size-main=262144"
    "memorysetup-allocator-temp-initial-block-size-worker=262144"
    "memorysetup-temp-allocator-size-background-worker=32768"
    "memorysetup-temp-allocator-size-job-worker=262144"
    "memorysetup-temp-allocator-size-preload-manager=33554432"
    "memorysetup-temp-allocator-size-nav-mesh-worker=65536"
    "memorysetup-temp-allocator-size-audio-worker=65536"
    "memorysetup-temp-allocator-size-cloud-worker=32768"
    "memorysetup-temp-allocator-size-gi-baking-worker=262144"
    "memorysetup-temp-allocator-size-gfx=262144"
Player connection [32364]  Target information:

Player connection [32364]  * "[IP] 192.168.1.21 [Port] 0 [Flags] 2 [Guid] 3746615217 [EditorId] 3746615217 [Version] 1048832 [Id] WindowsEditor(7,DESKTOP-OILIAPV) [Debug] 1 [PackageName] WindowsEditor [ProjectName] Editor" 

Player connection [32364] Host joined multi-casting on [225.0.0.222:54997]...
Player connection [32364] Host joined alternative multi-casting on [225.0.0.222:34997]...
Input System module state changed to: Initialized.
[PhysX] Initialized MultithreadedTaskDispatcher with 24 workers.
Refreshing native plugins compatible for Editor in 21.37 ms, found 2 plugins.
Preloading 0 native plugins for Editor in 0.00 ms.
Initialize engine version: 2022.3.62f3 (96770f904ca7)
[Subsystems] Discovering subsystems at path C:/Program Files/Unity/Hub/Editor/2022.3.62f3/Editor/Data/Resources/UnitySubsystems
[Subsystems] Discovering subsystems at path C:/Users/Angel Flores/Documents/GitHub/StarFox/Assets
GfxDevice: creating device client; threaded=0; jobified=0
Direct3D:
    Version:  Direct3D 11.0 [level 11.1]
    Renderer: NVIDIA GeForce RTX 3080 (ID=0x2206)
    Vendor:   NVIDIA
    VRAM:     10051 MB
    Driver:   32.0.15.9636
Initialize mono
Mono path[0] = 'C:/Program Files/Unity/Hub/Editor/2022.3.62f3/Editor/Data/Managed'
Mono path[1] = 'C:/Program Files/Unity/Hub/Editor/2022.3.62f3/Editor/Data/MonoBleedingEdge/lib/mono/unityjit-win32'
Mono config path = 'C:/Program Files/Unity/Hub/Editor/2022.3.62f3/Editor/Data/MonoBleedingEdge/etc'
Using monoOptions --debugger-agent=transport=dt_socket,embedding=1,server=y,suspend=n,address=127.0.0.1:56440
Begin MonoManager ReloadAssembly
Registering precompiled unity dll's ...
Register platform support module: C:/Program Files/Unity/Hub/Editor/2022.3.62f3/Editor/Data/PlaybackEngines/WindowsStandaloneSupport/UnityEditor.WindowsStandalone.Extensions.dll
Registered in 0.014063 seconds.
- Loaded All Assemblies, in  0.408 seconds
Native extension for WindowsStandalone target not found
Mono: successfully reloaded assembly
- Finished resetting the current domain, in  0.315 seconds
Domain Reload Profiling: 720ms
	BeginReloadAssembly (127ms)
		ExecutionOrderSort (0ms)
		DisableScriptedObjects (0ms)
		BackupInstance (0ms)
		ReleaseScriptingObjects (0ms)
		CreateAndSetChildDomain (1ms)
	RebuildCommonClasses (36ms)
	RebuildNativeTypeToScriptingClass (12ms)
	initialDomainReloadingComplete (76ms)
	LoadAllAssembliesAndSetupDomain (153ms)
		LoadAssemblies (124ms)
		RebuildTransferFunctionScriptingTraits (0ms)
		AnalyzeDomain (150ms)
			TypeCache.Refresh (149ms)
				TypeCache.ScanAssembly (134ms)
			ScanForSourceGeneratedMonoScriptInfo (0ms)
			ResolveRequiredComponents (1ms)
	FinalizeReload (315ms)
		ReleaseScriptCaches (0ms)
		RebuildScriptCaches (0ms)
		SetupLoadedEditorAssemblies (258ms)
			LogAssemblyErrors (0ms)
			InitializePlatformSupportModulesInManaged (15ms)
			SetLoadedEditorAssemblies (9ms)
			RefreshPlugins (0ms)
			BeforeProcessingInitializeOnLoad (3ms)
			ProcessInitializeOnLoadAttributes (177ms)
			ProcessInitializeOnLoadMethodAttributes (55ms)
			AfterProcessingInitializeOnLoad (0ms)
			EditorAssembliesLoaded (0ms)
		ExecutionOrderSort2 (0ms)
		AwakeInstancesAfterBackupRestoration (0ms)
========================================================================
Worker process is ready to serve import requests
Caller must complete domain reload
Begin MonoManager ReloadAssembly
Symbol file LoadedFromMemory is not a mono symbol file
- Loaded All Assemblies, in  0.865 seconds
Native extension for WindowsStandalone target not found
Mono: successfully reloaded assembly
- Finished resetting the current domain, in  1.038 seconds
Domain Reload Profiling: 1890ms
	BeginReloadAssembly (179ms)
		ExecutionOrderSort (0ms)
		DisableScriptedObjects (6ms)
		BackupInstance (0ms)
		ReleaseScriptingObjects (0ms)
		CreateAndSetChildDomain (25ms)
	RebuildCommonClasses (41ms)
	RebuildNativeTypeToScriptingClass (12ms)
	initialDomainReloadingComplete (57ms)
	LoadAllAssembliesAndSetupDomain (563ms)
		LoadAssemblies (495ms)
		RebuildTransferFunctionScriptingTraits (0ms)
		AnalyzeDomain (174ms)
			TypeCache.Refresh (141ms)
				TypeCache.ScanAssembly (120ms)
			ScanForSourceGeneratedMonoScriptInfo (27ms)
			ResolveRequiredComponents (5ms)
	FinalizeReload (1038ms)
		ReleaseScriptCaches (0ms)
		RebuildScriptCaches (0ms)
		SetupLoadedEditorAssemblies (866ms)
			LogAssemblyErrors (0ms)
			InitializePlatformSupportModulesInManaged (11ms)
			SetLoadedEditorAssemblies (5ms)
			RefreshPlugins (0ms)
			BeforeProcessingInitializeOnLoad (131ms)
			ProcessInitializeOnLoadAttributes (495ms)
			ProcessInitializeOnLoadMethodAttributes (208ms)
			AfterProcessingInitializeOnLoad (16ms)
			EditorAssembliesLoaded (0ms)
		ExecutionOrderSort2 (0ms)
		AwakeInstancesAfterBackupRestoration (9ms)
Launched and connected shader compiler UnityShaderCompiler.exe after 0.08 seconds
Refreshing native plugins compatible for Editor in 27.42 ms, found 2 plugins.
Preloading 0 native plugins for Editor in 0.00 ms.
Unloading 3670 Unused Serialized files (Serialized files now loaded: 0)
Unloading 52 unused Assets / (1.9 MB). Loaded Objects now: 4157.
Memory consumption went from 164.6 MB to 162.7 MB.
Total: 18.066500 ms (FindLiveObjects: 5.284800 ms CreateObjectMapping: 0.322900 ms MarkObjects: 10.944000 ms  DeleteObjects: 1.513100 ms)

AssetImportParameters requested are different than current active one (requested -> active):
  custom:container-demuxer-ogg: 62fdf1f143b41e24485cea50d1cbac27 -> 
  custom:video-decoder-ogg-theora: a1e56fd34408186e4bbccfd4996cb3dc -> 
  custom:framework-win-MediaFoundation: 216162199b28c13a410421893ffa2e32 -> 
  custom:CustomObjectIndexerAttribute: 9a22284fe3817be447336de3de66b15e -> 
  custom:container-demuxer-webm: 4f35f7cbe854078d1ac9338744f61a02 -> 
  custom:container-muxer-webm: aa71ff27fc2769a1b78a27578f13a17b -> 
  custom:video-decoder-webm-vp8: 9c59270c3fd7afecdb556c50c9e8de78 -> 
  custom:SearchIndexIgnoredProperties: e643bd26f0fe6173181afceb89e7c659 -> 
  custom:AudioImporter_EditorPlatform: d09bf68614088b80899f8185d706f6e7 -> 
  custom:video-encoder-webm-vp8: eb34c28f22e8b96e1ab97ce403110664 -> 
  custom:audio-decoder-ogg-vorbis: bf7c407c2cedff20999df2af8eb42d56 -> 
  custom:audio-encoder-webm-vorbis: bf7c407c2cedff20999df2af8eb42d56 -> 
========================================================================
Received Import Request.
  Time since last request: 29404.361404 seconds.
  path: Packages/com.unity.postprocessing/PostProcessing/Textures/BlueNoise64px/LDR_LLL1_42.png
  artifactKey: Guid(b266511438fae724f9d3ce6bd26583e8) Importer(815301076,1909f56bfc062723c751e8b465ee728b)
Start importing Packages/com.unity.postprocessing/PostProcessing/Textures/BlueNoise64px/LDR_LLL1_42.png using Guid(b266511438fae724f9d3ce6bd26583e8) Importer(815301076,1909f56bfc062723c751e8b465ee728b) [PhysX] Initialized MultithreadedTaskDispatcher with 24 workers.
[PhysX] Initialized MultithreadedTaskDispatcher with 24 workers.
 -> (artifact id: 'a9c558dce5ca5220d1160e9b880bcd97') in 0.110719 seconds
Number of updated asset objects reloaded before import = 0
Number of asset objects unloaded after import = 2
========================================================================
Received Import Request.
  Time since last request: 0.000030 seconds.
  path: Packages/com.unity.postprocessing/PostProcessing/Textures/BlueNoise64px/LDR_LLL1_1.png
  artifactKey: Guid(3c2f1fb7e4b66e74191b7c328ada52d9) Importer(815301076,1909f56bfc062723c751e8b465ee728b)
Start importing Packages/com.unity.postprocessing/PostProcessing/Textures/BlueNoise64px/LDR_LLL1_1.png using Guid(3c2f1fb7e4b66e74191b7c328ada52d9) Importer(815301076,1909f56bfc062723c751e8b465ee728b) [PhysX] Initialized MultithreadedTaskDispatcher with 24 workers.
[PhysX] Initialized MultithreadedTaskDispatcher with 24 workers.
 -> (artifact id: '939fe6bf73f207b624f656ebf7b33263') in 0.023097 seconds
Number of updated asset objects reloaded before import = 0
Number of asset objects unloaded after import = 2
========================================================================
Received Import Request.
  Time since last request: 0.000019 seconds.
  path: Packages/com.unity.postprocessing/PostProcessing/Textures/BlueNoise64px/LDR_LLL1_30.png
  artifactKey: Guid(0fa10b21877c61b4db40ba5708815f81) Importer(815301076,1909f56bfc062723c751e8b465ee728b)
Start importing Packages/com.unity.postprocessing/PostProcessing/Textures/BlueNoise64px/LDR_LLL1_30.png using Guid(0fa10b21877c61b4db40ba5708815f81) Importer(815301076,1909f56bfc062723c751e8b465ee728b) [PhysX] Initialized MultithreadedTaskDispatcher with 24 workers.
[PhysX] Initialized MultithreadedTaskDispatcher with 24 workers.
 -> (artifact id: '6a3a4e3ee943aed7dd6be67a1219403d') in 0.012020 seconds
Number of updated asset objects reloaded before import = 0
Number of asset objects unloaded after import = 2
========================================================================
Received Import Request.
  Time since last request: 0.000020 seconds.
  path: Packages/com.unity.inputsystem/InputSystem/Editor/Icons/Keyboard.png
  artifactKey: Guid(5a5b9538c3aaa4587856e68a93a92a51) Importer(815301076,1909f56bfc062723c751e8b465ee728b)
Start importing Packages/com.unity.inputsystem/InputSystem/Editor/Icons/Keyboard.png using Guid(5a5b9538c3aaa4587856e68a93a92a51) Importer(815301076,1909f56bfc062723c751e8b465ee728b) [PhysX] Initialized MultithreadedTaskDispatcher with 24 workers.
[PhysX] Initialized MultithreadedTaskDispatcher with 24 workers.
 -> (artifact id: '48408fec358f488efd4cefbbac5f7b2f') in 0.032226 seconds
Number of updated asset objects reloaded before import = 0
Number of asset objects unloaded after import = 2
========================================================================
Received Import Request.
  Time since last request: 0.000028 seconds.
  path: Packages/com.unity.probuilder/Content/Icons/Modes/Mode_Face@2x.png
  artifactKey: Guid(80b71c9b7db4d6d40b1209e05434d07b) Importer(815301076,1909f56bfc062723c751e8b465ee728b)
Start importing Packages/com.unity.probuilder/Content/Icons/Modes/Mode_Face@2x.png using Guid(80b71c9b7db4d6d40b1209e05434d07b) Importer(815301076,1909f56bfc062723c751e8b465ee728b) [PhysX] Initialized MultithreadedTaskDispatcher with 24 workers.
[PhysX] Initialized MultithreadedTaskDispatcher with 24 workers.
 -> (artifact id: 'cd31213ccaf2b7567a15a7d200da1b23') in 0.013375 seconds
Number of updated asset objects reloaded before import = 0
Number of asset objects unloaded after import = 2
========================================================================
Received Import Request.
  Time since last request: 0.000021 seconds.
  path: Packages/com.unity.postprocessing/PostProcessing/Textures/BlueNoise256px/LDR_LLL1_6.png
  artifactKey: Guid(999434725cbc2be4eb54043b36efd4a8) Importer(815301076,1909f56bfc062723c751e8b465ee728b)
Start importing Packages/com.unity.postprocessing/PostProcessing/Textures/BlueNoise256px/LDR_LLL1_6.png using Guid(999434725cbc2be4eb54043b36efd4a8) Importer(815301076,1909f56bfc062723c751e8b465ee728b) [PhysX] Initialized MultithreadedTaskDispatcher with 24 workers.
[PhysX] Initialized MultithreadedTaskDispatcher with 24 workers.
 -> (artifact id: '4063d55add2ba14c2b0a33043ab3c532') in 0.021812 seconds
Number of updated asset objects reloaded before import = 0
Number of asset objects unloaded after import = 2
========================================================================
Received Import Request.
  Time since last request: 0.000026 seconds.
  path: Packages/com.unity.cinemachine/Editor/EditorResources/Handles/Dark-Selected/FarNearClip.png
  artifactKey: Guid(3438c1a20bf054a9f987a531b43f0a08) Importer(815301076,1909f56bfc062723c751e8b465ee728b)
Start importing Packages/com.unity.cinemachine/Editor/EditorResources/Handles/Dark-Selected/FarNearClip.png using Guid(3438c1a20bf054a9f987a531b43f0a08) Importer(815301076,1909f56bfc062723c751e8b465ee728b) [PhysX] Initialized MultithreadedTaskDispatcher with 24 workers.
[PhysX] Initialized MultithreadedTaskDispatcher with 24 workers.
 -> (artifact id: '43a018494f6a20a319f39f76e19c80f1') in 0.015623 seconds
Number of updated asset objects reloaded before import = 0
Number of asset objects unloaded after import = 2
========================================================================
Received Import Request.
  Time since last request: 0.000018 seconds.
  path: Packages/com.unity.probuilder/Content/Icons/Toolbar/Mode_Edge.png
  artifactKey: Guid(1cedd028e2b934968a4badb229f3bbfa) Importer(815301076,1909f56bfc062723c751e8b465ee728b)
Start importing Packages/com.unity.probuilder/Content/Icons/Toolbar/Mode_Edge.png using Guid(1cedd028e2b934968a4badb229f3bbfa) Importer(815301076,1909f56bfc062723c751e8b465ee728b) [PhysX] Initialized MultithreadedTaskDispatcher with 24 workers.
[PhysX] Initialized MultithreadedTaskDispatcher with 24 workers.
 -> (artifact id: 'a6e4c6eacf82436bf91004b94c1b8dec') in 0.013784 seconds
Number of updated asset objects reloaded before import = 0
Number of asset objects unloaded after import = 2
========================================================================
Received Import Request.
  Time since last request: 0.000021 seconds.
  path: Packages/com.unity.cinemachine/Editor/EditorResources/Handles/Light/FOV.png
  artifactKey: Guid(2298d7737762c4efbbac29ffd335454a) Importer(815301076,1909f56bfc062723c751e8b465ee728b)
Start importing Packages/com.unity.cinemachine/Editor/EditorResources/Handles/Light/FOV.png using Guid(2298d7737762c4efbbac29ffd335454a) Importer(815301076,1909f56bfc062723c751e8b465ee728b) [PhysX] Initialized MultithreadedTaskDispatcher with 24 workers.
[PhysX] Initialized MultithreadedTaskDispatcher with 24 workers.
 -> (artifact id: 'a01b964124015c2d1172d034f529c148') in 0.014722 seconds
Number of updated asset objects reloaded before import = 0
Number of asset objects unloaded after import = 2
========================================================================
Received Import Request.
  Time since last request: 0.000019 seconds.
  path: Packages/com.unity.probuilder/Content/Icons/Toolbar/Edge_InsertLoop.png
  artifactKey: Guid(c84a11398243f4f019945e198b15e027) Importer(815301076,1909f56bfc062723c751e8b465ee728b)
Start importing Packages/com.unity.probuilder/Content/Icons/Toolbar/Edge_InsertLoop.png using Guid(c84a11398243f4f019945e198b15e027) Importer(815301076,1909f56bfc062723c751e8b465ee728b) [PhysX] Initialized MultithreadedTaskDispatcher with 24 workers.
[PhysX] Initialized MultithreadedTaskDispatcher with 24 workers.
 -> (artifact id: 'e5e217b856497d8b1194bcb3df435e99') in 0.019087 seconds
Number of updated asset objects reloaded before import = 0
Number of asset objects unloaded after import = 2
========================================================================
Received Import Request.
  Time since last request: 0.000022 seconds.
  path: Packages/com.unity.2d.tilemap/Editor/Icons/d_Tilemap.TilePalette@4x.png
  artifactKey: Guid(86408806ba4819c4494d51cb88d34da4) Importer(815301076,1909f56bfc062723c751e8b465ee728b)
Start importing Packages/com.unity.2d.tilemap/Editor/Icons/d_Tilemap.TilePalette@4x.png using Guid(86408806ba4819c4494d51cb88d34da4) Importer(815301076,1909f56bfc062723c751e8b465ee728b) [PhysX] Initialized MultithreadedTaskDispatcher with 24 workers.
[PhysX] Initialized MultithreadedTaskDispatcher with 24 workers.
 -> (artifact id: '79170e7059c6e4168339a9601b714beb') in 0.034280 seconds
Number of updated asset objects reloaded before import = 0
Number of asset objects unloaded after import = 3
========================================================================
Received Import Request.
  Time since last request: 0.000029 seconds.
  path: Packages/com.unity.services.analytics/Editor/Tools/Error.png
  artifactKey: Guid(22bbd203db1050b48a3949fc652baf19) Importer(815301076,1909f56bfc062723c751e8b465ee728b)
Start importing Packages/com.unity.services.analytics/Editor/Tools/Error.png using Guid(22bbd203db1050b48a3949fc652baf19) Importer(815301076,1909f56bfc062723c751e8b465ee728b) [PhysX] Initialized MultithreadedTaskDispatcher with 24 workers.
[PhysX] Initialized MultithreadedTaskDispatcher with 24 workers.
 -> (artifact id: 'e665ce1960aa7c5ec709a51696b428a1') in 0.023285 seconds
Number of updated asset objects reloaded before import = 0
Number of asset objects unloaded after import = 2
========================================================================
Received Import Request.
  Time since last request: 0.000022 seconds.
  path: Packages/com.unity.probuilder/Content/Icons/Toolbar/ExtrudeFace_FaceNormals.png
  artifactKey: Guid(452fce3d684314606b2da9b5dbf4eb8e) Importer(815301076,1909f56bfc062723c751e8b465ee728b)
Start importing Packages/com.unity.probuilder/Content/Icons/Toolbar/ExtrudeFace_FaceNormals.png using Guid(452fce3d684314606b2da9b5dbf4eb8e) Importer(815301076,1909f56bfc062723c751e8b465ee728b) [PhysX] Initialized MultithreadedTaskDispatcher with 24 workers.
[PhysX] Initialized MultithreadedTaskDispatcher with 24 workers.
 -> (artifact id: 'fa633f5fba32fe5d7abfffdde1c9c211') in 0.011442 seconds
Number of updated asset objects reloaded before import = 0
Number of asset objects unloaded after import = 2
========================================================================
Received Import Request.
  Time since last request: 0.000023 seconds.
  path: Packages/com.unity.cinemachine/Editor/EditorResources/Handles/Dark/FOV.png
  artifactKey: Guid(e19681a513069400aa38220f89283d8d) Importer(815301076,1909f56bfc062723c751e8b465ee728b)
Start importing Packages/com.unity.cinemachine/Editor/EditorResources/Handles/Dark/FOV.png using Guid(e19681a513069400aa38220f89283d8d) Importer(815301076,1909f56bfc062723c751e8b465ee728b) [PhysX] Initialized MultithreadedTaskDispatcher with 24 workers.
[PhysX] Initialized MultithreadedTaskDispatcher with 24 workers.
 -> (artifact id: '870b13b9f9e6036ae6e4cc7190d08640') in 0.011836 seconds
Number of updated asset objects reloaded before import = 0
Number of asset objects unloaded after import = 2
========================================================================
Received Import Request.
  Time since last request: 0.000021 seconds.
  path: Packages/com.unity.probuilder/Content/Icons/Toolbar/Face_FlipTri.png
  artifactKey: Guid(8160430d66b1b46058a38d6eb90f9c5d) Importer(815301076,1909f56bfc062723c751e8b465ee728b)
Start importing Packages/com.unity.probuilder/Content/Icons/Toolbar/Face_FlipTri.png using Guid(8160430d66b1b46058a38d6eb90f9c5d) Importer(815301076,1909f56bfc062723c751e8b465ee728b) [PhysX] Initialized MultithreadedTaskDispatcher with 24 workers.
[PhysX] Initialized MultithreadedTaskDispatcher with 24 workers.
 -> (artifact id: '4a9b965c1b769279ac5a0735614a67dc') in 0.011616 seconds
Number of updated asset objects reloaded before import = 0
Number of asset objects unloaded after import = 2
========================================================================
Received Import Request.
  Time since last request: 0.000023 seconds.
  path: Packages/com.unity.ads/Editor/Resources/Landscape.png
  artifactKey: Guid(a57001d8537db4c53baadfb9b6737e1f) Importer(815301076,1909f56bfc062723c751e8b465ee728b)
Start importing Packages/com.unity.ads/Editor/Resources/Landscape.png using Guid(a57001d8537db4c53baadfb9b6737e1f) Importer(815301076,1909f56bfc062723c751e8b465ee728b) [PhysX] Initialized MultithreadedTaskDispatcher with 24 workers.
[PhysX] Initialized MultithreadedTaskDispatcher with 24 workers.
 -> (artifact id: 'd715c0339c28ee1a4fd97bbd4794bcbe') in 0.016504 seconds
Number of updated asset objects reloaded before import = 0
Number of asset objects unloaded after import = 2
========================================================================
Received Import Request.
  Time since last request: 0.000022 seconds.
  path: Packages/com.unity.timeline/Editor/StyleSheets/Images/Icons/d_TrackRecordButtonEnabled@2x.png
  artifactKey: Guid(0f1c9a12872a30f45bab34f536332bb3) Importer(815301076,1909f56bfc062723c751e8b465ee728b)
Start importing Packages/com.unity.timeline/Editor/StyleSheets/Images/Icons/d_TrackRecordButtonEnabled@2x.png using Guid(0f1c9a12872a30f45bab34f536332bb3) Importer(815301076,1909f56bfc062723c751e8b465ee728b) [PhysX] Initialized MultithreadedTaskDispatcher with 24 workers.
[PhysX] Initialized MultithreadedTaskDispatcher with 24 workers.
 -> (artifact id: '74222e5958e11c88b28ef783dc291794') in 0.011602 seconds
Number of updated asset objects reloaded before import = 0
Number of asset objects unloaded after import = 2
========================================================================
Received Import Request.
  Time since last request: 0.000024 seconds.
  path: Packages/com.unity.timeline/Editor/StyleSheets/Images/Icons/d_TrackLockButtonDisabled.png
  artifactKey: Guid(52ee3ba2abc3da14a95cdf64d32ae0ae) Importer(815301076,1909f56bfc062723c751e8b465ee728b)
Start importing Packages/com.unity.timeline/Editor/StyleSheets/Images/Icons/d_TrackLockButtonDisabled.png using Guid(52ee3ba2abc3da14a95cdf64d32ae0ae) Importer(815301076,1909f56bfc062723c751e8b465ee728b) [PhysX] Initialized MultithreadedTaskDispatcher with 24 workers.
[PhysX] Initialized MultithreadedTaskDispatcher with 24 workers.
 -> (artifact id: '317628e6bf256abfb2ffd1c1fd3e9b71') in 0.010647 seconds
Number of updated asset objects reloaded before import = 0
Number of asset objects unloaded after import = 2
========================================================================
Received Import Request.
  Time since last request: 0.000031 seconds.
  path: Packages/com.unity.probuilder/Content/Icons/Toolbar/ExtrudeFace_Individual_disabled.png
  artifactKey: Guid(d0945ff31532a4cc2adacd46c6abfc91) Importer(815301076,1909f56bfc062723c751e8b465ee728b)
Start importing Packages/com.unity.probuilder/Content/Icons/Toolbar/ExtrudeFace_Individual_disabled.png using Guid(d0945ff31532a4cc2adacd46c6abfc91) Importer(815301076,1909f56bfc062723c751e8b465ee728b) [PhysX] Initialized MultithreadedTaskDispatcher with 24 workers.
[PhysX] Initialized MultithreadedTaskDispatcher with 24 workers.
 -> (artifact id: '3b93a64b7820eb1e74b661f391d74141') in 0.011082 seconds
Number of updated asset objects reloaded before import = 0
Number of asset objects unloaded after import = 2
========================================================================
Received Import Request.
  Time since last request: 0.000022 seconds.
  path: Packages/com.unity.probuilder/Content/Icons/Modes/Mode_Face_Light@2x.png
  artifactKey: Guid(aec4dcd2f2175d142b7d9b6abc382625) Importer(815301076,1909f56bfc062723c751e8b465ee728b)
Start importing Packages/com.unity.probuilder/Content/Icons/Modes/Mode_Face_Light@2x.png using Guid(aec4dcd2f2175d142b7d9b6abc382625) Importer(815301076,1909f56bfc062723c751e8b465ee728b) [PhysX] Initialized MultithreadedTaskDispatcher with 24 workers.
[PhysX] Initialized MultithreadedTaskDispatcher with 24 workers.
 -> (artifact id: 'fde1f28a33d1fb15dd80693a6c7925a0') in 0.011479 seconds
Number of updated asset objects reloaded before import = 0
Number of asset objects unloaded after import = 2
========================================================================
Received Import Request.
  Time since last request: 0.000019 seconds.
  path: Packages/com.unity.postprocessing/PostProcessing/Textures/BlueNoise64px/LDR_LLL1_52.png
  artifactKey: Guid(d2e8e90fac2e6a341a38e1c3963c218d) Importer(815301076,1909f56bfc062723c751e8b465ee728b)
Start importing Packages/com.unity.postprocessing/PostProcessing/Textures/BlueNoise64px/LDR_LLL1_52.png using Guid(d2e8e90fac2e6a341a38e1c3963c218d) Importer(815301076,1909f56bfc062723c751e8b465ee728b) [PhysX] Initialized MultithreadedTaskDispatcher with 24 workers.
[PhysX] Initialized MultithreadedTaskDispatcher with 24 workers.
 -> (artifact id: 'fceb449d826201faf1388bd69f024fd9') in 0.016152 seconds
Number of updated asset objects reloaded before import = 0
Number of asset objects unloaded after import = 2
========================================================================
Received Import Request.
  Time since last request: 0.000021 seconds.
  path: Packages/com.unity.probuilder/Content/Icons/Toolbar/Mode_Face.png
  artifactKey: Guid(7f77ca82d147447829f8cf2f6b62c503) Importer(815301076,1909f56bfc062723c751e8b465ee728b)
Start importing Packages/com.unity.probuilder/Content/Icons/Toolbar/Mode_Face.png using Guid(7f77ca82d147447829f8cf2f6b62c503) Importer(815301076,1909f56bfc062723c751e8b465ee728b) [PhysX] Initialized MultithreadedTaskDispatcher with 24 workers.
[PhysX] Initialized MultithreadedTaskDispatcher with 24 workers.
 -> (artifact id: 'a08cedfb19382b2c51772545c11286d3') in 0.010343 seconds
Number of updated asset objects reloaded before import = 0
Number of asset objects unloaded after import = 2
========================================================================
Received Import Request.
  Time since last request: 0.000018 seconds.
  path: Packages/com.unity.postprocessing/PostProcessing/Textures/BlueNoise64px/LDR_LLL1_54.png
  artifactKey: Guid(936dea238abb0864ab3985a995e16a29) Importer(815301076,1909f56bfc062723c751e8b465ee728b)
Start importing Packages/com.unity.postprocessing/PostProcessing/Textures/BlueNoise64px/LDR_LLL1_54.png using Guid(936dea238abb0864ab3985a995e16a29) Importer(815301076,1909f56bfc062723c751e8b465ee728b) [PhysX] Initialized MultithreadedTaskDispatcher with 24 workers.
[PhysX] Initialized MultithreadedTaskDispatcher with 24 workers.
 -> (artifact id: '838df2c2f0bfbcb21db4dddf3fd5b130') in 0.010247 seconds
Number of updated asset objects reloaded before import = 0
Number of asset objects unloaded after import = 2
========================================================================
Received Import Request.
  Time since last request: 0.000025 seconds.
  path: Packages/com.unity.postprocessing/PostProcessing/Textures/BlueNoise64px/LDR_LLL1_31.png
  artifactKey: Guid(6b0a189df0bd4d5448eaefb4e673ace8) Importer(815301076,1909f56bfc062723c751e8b465ee728b)
Start importing Packages/com.unity.postprocessing/PostProcessing/Textures/BlueNoise64px/LDR_LLL1_31.png using Guid(6b0a189df0bd4d5448eaefb4e673ace8) Importer(815301076,1909f56bfc062723c751e8b465ee728b) [PhysX] Initialized MultithreadedTaskDispatcher with 24 workers.
[PhysX] Initialized MultithreadedTaskDispatcher with 24 workers.
 -> (artifact id: '51d49c0927349484148a2aaf4fe0c995') in 0.012792 seconds
Number of updated asset objects reloaded before import = 0
Number of asset objects unloaded after import = 2
========================================================================
Received Import Request.
  Time since last request: 0.000019 seconds.
  path: Packages/com.unity.probuilder/Content/Icons/Toolbar/Face_FlipNormals_disabled.png
  artifactKey: Guid(737f5ea0ac9e84e078766b1d2a99b7f3) Importer(815301076,1909f56bfc062723c751e8b465ee728b)
Start importing Packages/com.unity.probuilder/Content/Icons/Toolbar/Face_FlipNormals_disabled.png using Guid(737f5ea0ac9e84e078766b1d2a99b7f3) Importer(815301076,1909f56bfc062723c751e8b465ee728b) [PhysX] Initialized MultithreadedTaskDispatcher with 24 workers.
[PhysX] Initialized MultithreadedTaskDispatcher with 24 workers.
 -> (artifact id: '0a577ea73df25a96a6d1df0afcb568c9') in 0.011394 seconds
Number of updated asset objects reloaded before import = 0
Number of asset objects unloaded after import = 2
========================================================================
Received Import Request.
  Time since last request: 0.000019 seconds.
  path: Packages/com.unity.probuilder/Content/Icons/Toolbar/Eye_On.png
  artifactKey: Guid(b6d07916b2876498ebc65ab5a16ed9c5) Importer(815301076,1909f56bfc062723c751e8b465ee728b)
Start importing Packages/com.unity.probuilder/Content/Icons/Toolbar/Eye_On.png using Guid(b6d07916b2876498ebc65ab5a16ed9c5) Importer(815301076,1909f56bfc062723c751e8b465ee728b) [PhysX] Initialized MultithreadedTaskDispatcher with 24 workers.
[PhysX] Initialized MultithreadedTaskDispatcher with 24 workers.
 -> (artifact id: '594dc8949733719cd3e69867ddbabfff') in 0.011776 seconds
Number of updated asset objects reloaded before import = 0
Number of asset objects unloaded after import = 2
========================================================================
Received Import Request.
  Time since last request: 0.000018 seconds.
  path: Packages/com.unity.postprocessing/PostProcessing/Textures/BlueNoise64px/LDR_LLL1_2.png
  artifactKey: Guid(a469f920b21fc7c4fb5b950917ce2fb2) Importer(815301076,1909f56bfc062723c751e8b465ee728b)
Start importing Packages/com.unity.postprocessing/PostProcessing/Textures/BlueNoise64px/LDR_LLL1_2.png using Guid(a469f920b21fc7c4fb5b950917ce2fb2) Importer(815301076,1909f56bfc062723c751e8b465ee728b) [PhysX] Initialized MultithreadedTaskDispatcher with 24 workers.
[PhysX] Initialized MultithreadedTaskDispatcher with 24 workers.
 -> (artifact id: '51d9f3704ebd9b95a73761a68dbe127b') in 0.011719 seconds
Number of updated asset objects reloaded before import = 0
Number of asset objects unloaded after import = 2
========================================================================
Received Import Request.
  Time since last request: 0.000019 seconds.
  path: Packages/com.unity.probuilder/Content/Icons/Toolbar/Eye_On_Light.png
  artifactKey: Guid(3dff706792e13044cbec81860f71fb48) Importer(815301076,1909f56bfc062723c751e8b465ee728b)
Start importing Packages/com.unity.probuilder/Content/Icons/Toolbar/Eye_On_Light.png using Guid(3dff706792e13044cbec81860f71fb48) Importer(815301076,1909f56bfc062723c751e8b465ee728b) [PhysX] Initialized MultithreadedTaskDispatcher with 24 workers.
[PhysX] Initialized MultithreadedTaskDispatcher with 24 workers.
 -> (artifact id: '6a861999bbbc41301bb9c14ff8c872c3') in 0.011424 seconds
Number of updated asset objects reloaded before import = 0
Number of asset objects unloaded after import = 2
========================================================================
Received Import Request.
  Time since last request: 0.000019 seconds.
  path: Packages/com.unity.postprocessing/PostProcessing/Textures/BlueNoise64px/LDR_LLL1_28.png
  artifactKey: Guid(02c0a84bd64c6f044954d8bde9b46ec8) Importer(815301076,1909f56bfc062723c751e8b465ee728b)
Start importing Packages/com.unity.postprocessing/PostProcessing/Textures/BlueNoise64px/LDR_LLL1_28.png using Guid(02c0a84bd64c6f044954d8bde9b46ec8) Importer(815301076,1909f56bfc062723c751e8b465ee728b) [PhysX] Initialized MultithreadedTaskDispatcher with 24 workers.
[PhysX] Initialized MultithreadedTaskDispatcher with 24 workers.
 -> (artifact id: '6093edddc05e4590d609645ab356e9ce') in 0.011327 seconds
Number of updated asset objects reloaded before import = 0
Number of asset objects unloaded after import = 2
========================================================================
Received Import Request.
  Time since last request: 0.000023 seconds.
  path: Packages/com.unity.inputsystem/InputSystem/Editor/Icons/Mouse@2x.png
  artifactKey: Guid(9721efa02e520488d96c36460fe7e4a6) Importer(815301076,1909f56bfc062723c751e8b465ee728b)
Start importing Packages/com.unity.inputsystem/InputSystem/Editor/Icons/Mouse@2x.png using Guid(9721efa02e520488d96c36460fe7e4a6) Importer(815301076,1909f56bfc062723c751e8b465ee728b) [PhysX] Initialized MultithreadedTaskDispatcher with 24 workers.
[PhysX] Initialized MultithreadedTaskDispatcher with 24 workers.
 -> (artifact id: '17369a86468408a2d2ae4c73f638c5eb') in 0.011644 seconds
Number of updated asset objects reloaded before import = 0
Number of asset objects unloaded after import = 2
========================================================================
Received Import Request.
  Time since last request: 0.000023 seconds.
  path: Packages/com.unity.inputsystem/InputSystem/Editor/Icons/MultiplayerEventSystem@64.png
  artifactKey: Guid(6a237171e2346e3458db37eb0f90d42b) Importer(815301076,1909f56bfc062723c751e8b465ee728b)
Start importing Packages/com.unity.inputsystem/InputSystem/Editor/Icons/MultiplayerEventSystem@64.png using Guid(6a237171e2346e3458db37eb0f90d42b) Importer(815301076,1909f56bfc062723c751e8b465ee728b) [PhysX] Initialized MultithreadedTaskDispatcher with 24 workers.
[PhysX] Initialized MultithreadedTaskDispatcher with 24 workers.
 -> (artifact id: '4b70dec9c49fffb88f48f6ce350d774d') in 0.011767 seconds
Number of updated asset objects reloaded before import = 0
Number of asset objects unloaded after import = 2
========================================================================
Received Import Request.
  Time since last request: 0.000028 seconds.
  path: Packages/com.unity.postprocessing/PostProcessing/Textures/BlueNoise64px/LDR_LLL1_13.png
  artifactKey: Guid(68613e6a221be1a4b9f31d7fa1c2d1bf) Importer(815301076,1909f56bfc062723c751e8b465ee728b)
Start importing Packages/com.unity.postprocessing/PostProcessing/Textures/BlueNoise64px/LDR_LLL1_13.png using Guid(68613e6a221be1a4b9f31d7fa1c2d1bf) Importer(815301076,1909f56bfc062723c751e8b465ee728b) [PhysX] Initialized MultithreadedTaskDispatcher with 24 workers.
[PhysX] Initialized MultithreadedTaskDispatcher with 24 workers.
 -> (artifact id: 'f187443b3ed1c513e87bd7eaa1c2c224') in 0.010655 seconds
Number of updated asset objects reloaded before import = 0
Number of asset objects unloaded after import = 2
========================================================================
Received Import Request.
  Time since last request: 0.000022 seconds.
  path: Packages/com.unity.ai.navigation/EditorResources/Overlay/NavigationOverlay On@32.png
  artifactKey: Guid(f7a3e2b3beab29040bc1a68f0ad0045c) Importer(815301076,1909f56bfc062723c751e8b465ee728b)
Start importing Packages/com.unity.ai.navigation/EditorResources/Overlay/NavigationOverlay On@32.png using Guid(f7a3e2b3beab29040bc1a68f0ad0045c) Importer(815301076,1909f56bfc062723c751e8b465ee728b) [PhysX] Initialized MultithreadedTaskDispatcher with 24 workers.
[PhysX] Initialized MultithreadedTaskDispatcher with 24 workers.
 -> (artifact id: 'ff2642deef3301ea5ea9f6b0c78dc630') in 0.006366 seconds
Number of updated asset objects reloaded before import = 0
Number of asset objects unloaded after import = 2
========================================================================
Received Import Request.
  Time since last request: 0.000021 seconds.
  path: Packages/com.unity.postprocessing/PostProcessing/Textures/LensDirt/LensDirt03.png
  artifactKey: Guid(7a051dbda2d7bc447bee412427cd311e) Importer(815301076,1909f56bfc062723c751e8b465ee728b)
Start importing Packages/com.unity.postprocessing/PostProcessing/Textures/LensDirt/LensDirt03.png using Guid(7a051dbda2d7bc447bee412427cd311e) Importer(815301076,1909f56bfc062723c751e8b465ee728b) [PhysX] Initialized MultithreadedTaskDispatcher with 24 workers.
[PhysX] Initialized MultithreadedTaskDispatcher with 24 workers.
 -> (artifact id: 'eef3608fbdf8ca42fb7badcdd0e01db6') in 0.035893 seconds
Number of updated asset objects reloaded before import = 0
Number of asset objects unloaded after import = 2
========================================================================
Received Import Request.
  Time since last request: 0.000258 seconds.
  path: Packages/com.unity.ai.navigation/EditorResources/Overlay/NavigationOverlay@32.png
  artifactKey: Guid(f9a2f623ba32a844da6de770f5ccf17f) Importer(815301076,1909f56bfc062723c751e8b465ee728b)
Start importing Packages/com.unity.ai.navigation/EditorResources/Overlay/NavigationOverlay@32.png using Guid(f9a2f623ba32a844da6de770f5ccf17f) Importer(815301076,1909f56bfc062723c751e8b465ee728b) [PhysX] Initialized MultithreadedTaskDispatcher with 24 workers.
[PhysX] Initialized MultithreadedTaskDispatcher with 24 workers.
 -> (artifact id: '7540820a9543e83e1bb0331817190aa9') in 0.005264 seconds
Number of updated asset objects reloaded before import = 0
Number of asset objects unloaded after import = 2
========================================================================
Received Import Request.
  Time since last request: 0.004618 seconds.
  path: Packages/com.unity.ai.navigation/EditorResources/Overlay/NavigationOverlay@128.png
  artifactKey: Guid(1b6bf0e7b03fea94987a73d0cb14781b) Importer(815301076,1909f56bfc062723c751e8b465ee728b)
Start importing Packages/com.unity.ai.navigation/EditorResources/Overlay/NavigationOverlay@128.png using Guid(1b6bf0e7b03fea94987a73d0cb14781b) Importer(815301076,1909f56bfc062723c751e8b465ee728b) [PhysX] Initialized MultithreadedTaskDispatcher with 24 workers.
[PhysX] Initialized MultithreadedTaskDispatcher with 24 workers.
 -> (artifact id: '9c275bb5e05c29ca17d98796de3d48d3') in 0.010326 seconds
Number of updated asset objects reloaded before import = 0
Number of asset objects unloaded after import = 2
========================================================================
Received Import Request.
  Time since last request: 0.000045 seconds.
  path: Packages/com.unity.ai.navigation/Gizmos/NavMeshLink Icon.png
  artifactKey: Guid(92f4afa3e25264f5b964937ccea49ff2) Importer(815301076,1909f56bfc062723c751e8b465ee728b)
Start importing Packages/com.unity.ai.navigation/Gizmos/NavMeshLink Icon.png using Guid(92f4afa3e25264f5b964937ccea49ff2) Importer(815301076,1909f56bfc062723c751e8b465ee728b) [PhysX] Initialized MultithreadedTaskDispatcher with 24 workers.
[PhysX] Initialized MultithreadedTaskDispatcher with 24 workers.
 -> (artifact id: 'f4b53939bba775615f9779c4802ef57b') in 0.012521 seconds
Number of updated asset objects reloaded before import = 0
Number of asset objects unloaded after import = 2
========================================================================
Received Import Request.
  Time since last request: 0.007219 seconds.
  path: Packages/com.unity.ai.navigation/Gizmos/NavMeshModifierVolume Icon.png
  artifactKey: Guid(cc7b9475dbddf4f9088d327d6e10ab77) Importer(815301076,1909f56bfc062723c751e8b465ee728b)
Start importing Packages/com.unity.ai.navigation/Gizmos/NavMeshModifierVolume Icon.png using Guid(cc7b9475dbddf4f9088d327d6e10ab77) Importer(815301076,1909f56bfc062723c751e8b465ee728b) [PhysX] Initialized MultithreadedTaskDispatcher with 24 workers.
[PhysX] Initialized MultithreadedTaskDispatcher with 24 workers.
 -> (artifact id: '20664a9bcd31a2a32ed4522112d7fdb8') in 0.012399 seconds
Number of updated asset objects reloaded before import = 0
Number of asset objects unloaded after import = 2
========================================================================
Received Import Request.
  Time since last request: 0.010588 seconds.
  path: Packages/com.unity.collab-proxy/Editor/Assets/Images/notondisk.png
  artifactKey: Guid(b205f4b28f59dda49af458b35d8a3ff3) Importer(815301076,1909f56bfc062723c751e8b465ee728b)
Start importing Packages/com.unity.collab-proxy/Editor/Assets/Images/notondisk.png using Guid(b205f4b28f59dda49af458b35d8a3ff3) Importer(815301076,1909f56bfc062723c751e8b465ee728b) [PhysX] Initialized MultithreadedTaskDispatcher with 24 workers.
[PhysX] Initialized MultithreadedTaskDispatcher with 24 workers.
 -> (artifact id: '82d72678584da1a0bc7d4730976b657b') in 0.009994 seconds
Number of updated asset objects reloaded before import = 0
Number of asset objects unloaded after import = 2
========================================================================
Received Import Request.
  Time since last request: 0.005306 seconds.
  path: Packages/com.unity.probuilder/Content/Icons/Toolbar/Object_ConformNormals_disabled.png
  artifactKey: Guid(94249e00d22ef41adad51bab421b0e09) Importer(815301076,1909f56bfc062723c751e8b465ee728b)
Start importing Packages/com.unity.probuilder/Content/Icons/Toolbar/Object_ConformNormals_disabled.png using Guid(94249e00d22ef41adad51bab421b0e09) Importer(815301076,1909f56bfc062723c751e8b465ee728b) [PhysX] Initialized MultithreadedTaskDispatcher with 24 workers.
[PhysX] Initialized MultithreadedTaskDispatcher with 24 workers.
 -> (artifact id: '6b89f51201bfbac2fa485ebd815197c5') in 0.009937 seconds
Number of updated asset objects reloaded before import = 0
Number of asset objects unloaded after import = 2
========================================================================
Received Import Request.
  Time since last request: 0.005390 seconds.
  path: Packages/com.unity.probuilder/Content/Icons/Toolbar/Object_FlipNormals.png
  artifactKey: Guid(f92a3f288555044279199c3a1134e80d) Importer(815301076,1909f56bfc062723c751e8b465ee728b)
Start importing Packages/com.unity.probuilder/Content/Icons/Toolbar/Object_FlipNormals.png using Guid(f92a3f288555044279199c3a1134e80d) Importer(815301076,1909f56bfc062723c751e8b465ee728b) [PhysX] Initialized MultithreadedTaskDispatcher with 24 workers.
[PhysX] Initialized MultithreadedTaskDispatcher with 24 workers.
 -> (artifact id: '8674357f8185aa5e5606e46f4dce6799') in 0.010215 seconds
Number of updated asset objects reloaded before import = 0
Number of asset objects unloaded after import = 2
========================================================================
Received Import Request.
  Time since last request: 0.004933 seconds.
  path: Packages/com.unity.probuilder/Content/Icons/Toolbar/Object_GenerateUV2_disabled.png
  artifactKey: Guid(0e31e246654f24922a061e6bd9675d9c) Importer(815301076,1909f56bfc062723c751e8b465ee728b)
Start importing Packages/com.unity.probuilder/Content/Icons/Toolbar/Object_GenerateUV2_disabled.png using Guid(0e31e246654f24922a061e6bd9675d9c) Importer(815301076,1909f56bfc062723c751e8b465ee728b) [PhysX] Initialized MultithreadedTaskDispatcher with 24 workers.
[PhysX] Initialized MultithreadedTaskDispatcher with 24 workers.
 -> (artifact id: '1a8ef0211dbb494bf1ac0bebf84d8f0e') in 0.010279 seconds
Number of updated asset objects reloaded before import = 0
Number of asset objects unloaded after import = 2
========================================================================
Received Import Request.
  Time since last request: 0.005686 seconds.
  path: Packages/com.unity.probuilder/Content/Icons/Toolbar/Object_Mirror.png
  artifactKey: Guid(f62ae14c596ce4e8baec2ac12e0325cb) Importer(815301076,1909f56bfc062723c751e8b465ee728b)
Start importing Packages/com.unity.probuilder/Content/Icons/Toolbar/Object_Mirror.png using Guid(f62ae14c596ce4e8baec2ac12e0325cb) Importer(815301076,1909f56bfc062723c751e8b465ee728b) [PhysX] Initialized MultithreadedTaskDispatcher with 24 workers.
[PhysX] Initialized MultithreadedTaskDispatcher with 24 workers.
 -> (artifact id: '53fda7476f142f6f351874d7a4a322d1') in 0.011035 seconds
Number of updated asset objects reloaded before import = 0
Number of asset objects unloaded after import = 2
========================================================================
Received Import Request.
  Time since last request: 0.002935 seconds.
  path: Packages/com.unity.probuilder/Content/Icons/Toolbar/Object_ProBuilderize_disabled.png
  artifactKey: Guid(a4aab6c0e7ac6441c8bdf395d78415a0) Importer(815301076,1909f56bfc062723c751e8b465ee728b)
Start importing Packages/com.unity.probuilder/Content/Icons/Toolbar/Object_ProBuilderize_disabled.png using Guid(a4aab6c0e7ac6441c8bdf395d78415a0) Importer(815301076,1909f56bfc062723c751e8b465ee728b) [PhysX] Initialized MultithreadedTaskDispatcher with 24 workers.
[PhysX] Initialized MultithreadedTaskDispatcher with 24 workers.
 -> (artifact id: 'f827149fc8c82a4e9490150572bb0e58') in 0.011066 seconds
Number of updated asset objects reloaded before import = 0
Number of asset objects unloaded after import = 2
========================================================================
Received Import Request.
  Time since last request: 0.018976 seconds.
  path: Packages/com.unity.probuilder/Content/Icons/Toolbar/Object_Subdivide_disabled.png
  artifactKey: Guid(4a239944eb900466eba405e00fba39be) Importer(815301076,1909f56bfc062723c751e8b465ee728b)
Start importing Packages/com.unity.probuilder/Content/Icons/Toolbar/Object_Subdivide_disabled.png using Guid(4a239944eb900466eba405e00fba39be) Importer(815301076,1909f56bfc062723c751e8b465ee728b) [PhysX] Initialized MultithreadedTaskDispatcher with 24 workers.
[PhysX] Initialized MultithreadedTaskDispatcher with 24 workers.
 -> (artifact id: '5534d27fda04ae3010ab17bb370c301b') in 0.009829 seconds
Number of updated asset objects reloaded before import = 0
Number of asset objects unloaded after import = 2
========================================================================
Received Import Request.
  Time since last request: 0.005430 seconds.
  path: Packages/com.unity.probuilder/Content/Icons/Toolbar/Offset.png
  artifactKey: Guid(80e67fafea209ad4aa1459b80c8db968) Importer(815301076,1909f56bfc062723c751e8b465ee728b)
Start importing Packages/com.unity.probuilder/Content/Icons/Toolbar/Offset.png using Guid(80e67fafea209ad4aa1459b80c8db968) Importer(815301076,1909f56bfc062723c751e8b465ee728b) [PhysX] Initialized MultithreadedTaskDispatcher with 24 workers.
[PhysX] Initialized MultithreadedTaskDispatcher with 24 workers.
 -> (artifact id: 'f55888f639680ae3fa2f940337b6be66') in 0.010645 seconds
Number of updated asset objects reloaded before import = 0
Number of asset objects unloaded after import = 2
========================================================================
Received Import Request.
  Time since last request: 0.003519 seconds.
  path: Packages/com.unity.settings-manager/Content/Options.png
  artifactKey: Guid(9eff477e4332346818c96745043dae9e) Importer(815301076,1909f56bfc062723c751e8b465ee728b)
Start importing Packages/com.unity.settings-manager/Content/Options.png using Guid(9eff477e4332346818c96745043dae9e) Importer(815301076,1909f56bfc062723c751e8b465ee728b) [PhysX] Initialized MultithreadedTaskDispatcher with 24 workers.
[PhysX] Initialized MultithreadedTaskDispatcher with 24 workers.
 -> (artifact id: '0b344ab1555782e3f69d5f686333032f') in 0.011099 seconds
Number of updated asset objects reloaded before import = 0
Number of asset objects unloaded after import = 2
========================================================================
Received Import Request.
  Time since last request: 0.011206 seconds.
  path: Packages/com.unity.inputsystem/InputSystem/Editor/Icons/Orientation@3x.png
  artifactKey: Guid(5f09d534eb1414449a2758696bd4dd11) Importer(815301076,1909f56bfc062723c751e8b465ee728b)
Start importing Packages/com.unity.inputsystem/InputSystem/Editor/Icons/Orientation@3x.png using Guid(5f09d534eb1414449a2758696bd4dd11) Importer(815301076,1909f56bfc062723c751e8b465ee728b) [PhysX] Initialized MultithreadedTaskDispatcher with 24 workers.
[PhysX] Initialized MultithreadedTaskDispatcher with 24 workers.
 -> (artifact id: '738d92d9ad62888bf0e3377f70538bce') in 0.010918 seconds
Number of updated asset objects reloaded before import = 0
Number of asset objects unloaded after import = 2
========================================================================
Received Import Request.
  Time since last request: 0.005045 seconds.
  path: Packages/com.unity.probuilder/Content/Icons/Toolbar/Panel_GeoDrawing.png
  artifactKey: Guid(d662a44726f8f4ae7bfe880c93229aa0) Importer(815301076,1909f56bfc062723c751e8b465ee728b)
Start importing Packages/com.unity.probuilder/Content/Icons/Toolbar/Panel_GeoDrawing.png using Guid(d662a44726f8f4ae7bfe880c93229aa0) Importer(815301076,1909f56bfc062723c751e8b465ee728b) [PhysX] Initialized MultithreadedTaskDispatcher with 24 workers.
[PhysX] Initialized MultithreadedTaskDispatcher with 24 workers.
 -> (artifact id: '7179eb7178cde24b5f21658b21aafc22') in 0.009894 seconds
Number of updated asset objects reloaded before import = 0
Number of asset objects unloaded after import = 2
========================================================================
Received Import Request.
  Time since last request: 0.000083 seconds.
  path: Packages/com.unity.probuilder/Content/Icons/Toolbar/Panel_Shapes.png
  artifactKey: Guid(b1200b4e3bc72449e9735c9742fc6103) Importer(815301076,1909f56bfc062723c751e8b465ee728b)
Start importing Packages/com.unity.probuilder/Content/Icons/Toolbar/Panel_Shapes.png using Guid(b1200b4e3bc72449e9735c9742fc6103) Importer(815301076,1909f56bfc062723c751e8b465ee728b) [PhysX] Initialized MultithreadedTaskDispatcher with 24 workers.
[PhysX] Initialized MultithreadedTaskDispatcher with 24 workers.
 -> (artifact id: 'de5651ad6d99cba3cb4bbddf16ad75e2') in 0.010802 seconds
Number of updated asset objects reloaded before import = 0
Number of asset objects unloaded after import = 2
========================================================================
Received Import Request.
  Time since last request: 0.002993 seconds.
  path: Packages/com.unity.probuilder/Content/Icons/Toolbar/Panel_VertColors.png
  artifactKey: Guid(cfa793a5b357642bf83fa6888ee18e76) Importer(815301076,1909f56bfc062723c751e8b465ee728b)
Start importing Packages/com.unity.probuilder/Content/Icons/Toolbar/Panel_VertColors.png using Guid(cfa793a5b357642bf83fa6888ee18e76) Importer(815301076,1909f56bfc062723c751e8b465ee728b) [PhysX] Initialized MultithreadedTaskDispatcher with 24 workers.
[PhysX] Initialized MultithreadedTaskDispatcher with 24 workers.
 -> (artifact id: '0f0e247835e11aff8bcea62fb66f1a49') in 0.011057 seconds
Number of updated asset objects reloaded before import = 0
Number of asset objects unloaded after import = 2
========================================================================
Received Import Request.
  Time since last request: 0.029290 seconds.
  path: Packages/com.unity.inputsystem/InputSystem/Editor/Icons/Pen@4x.png
  artifactKey: Guid(acf10446fff184bb98db6350c2c43148) Importer(815301076,1909f56bfc062723c751e8b465ee728b)
Start importing Packages/com.unity.inputsystem/InputSystem/Editor/Icons/Pen@4x.png using Guid(acf10446fff184bb98db6350c2c43148) Importer(815301076,1909f56bfc062723c751e8b465ee728b) [PhysX] Initialized MultithreadedTaskDispatcher with 24 workers.
[PhysX] Initialized MultithreadedTaskDispatcher with 24 workers.
 -> (artifact id: 'c85bb6bbaffbdb316a04fb69c54a9c38') in 0.010799 seconds
Number of updated asset objects reloaded before import = 0
Number of asset objects unloaded after import = 2
========================================================================
Received Import Request.
  Time since last request: 0.004854 seconds.
  path: Packages/com.unity.probuilder/Content/Icons/Tools/ShapeTool/Pipe.png
  artifactKey: Guid(7bf996e695227ef46b77e3ad313890e5) Importer(815301076,1909f56bfc062723c751e8b465ee728b)
Start importing Packages/com.unity.probuilder/Content/Icons/Tools/ShapeTool/Pipe.png using Guid(7bf996e695227ef46b77e3ad313890e5) Importer(815301076,1909f56bfc062723c751e8b465ee728b) [PhysX] Initialized MultithreadedTaskDispatcher with 24 workers.
[PhysX] Initialized MultithreadedTaskDispatcher with 24 workers.
 -> (artifact id: '89dbdb656c0141063702e20825a4c7b1') in 0.010741 seconds
Number of updated asset objects reloaded before import = 0
Number of asset objects unloaded after import = 2
========================================================================
Received Import Request.
  Time since last request: 0.004254 seconds.
  path: Packages/com.unity.probuilder/Content/Icons/Tools/ShapeTool/Pipe_Light.png
  artifactKey: Guid(bd975dfa2b88b1542886956b717dc737) Importer(815301076,1909f56bfc062723c751e8b465ee728b)
Start importing Packages/com.unity.probuilder/Content/Icons/Tools/ShapeTool/Pipe_Light.png using Guid(bd975dfa2b88b1542886956b717dc737) Importer(815301076,1909f56bfc062723c751e8b465ee728b) [PhysX] Initialized MultithreadedTaskDispatcher with 24 workers.
[PhysX] Initialized MultithreadedTaskDispatcher with 24 workers.
 -> (artifact id: 'a78d96d6c7c7f478b8fea6b25542d78a') in 0.011036 seconds
Number of updated asset objects reloaded before import = 0
Number of asset objects unloaded after import = 2
========================================================================
Received Import Request.
  Time since last request: 0.003546 seconds.
  path: Packages/com.unity.probuilder/Content/Icons/Toolbar/Pivot_CenterOnElements_disabled.png
  artifactKey: Guid(cb4e6fc765183463cb5ab3522bfc607e) Importer(815301076,1909f56bfc062723c751e8b465ee728b)
Start importing Packages/com.unity.probuilder/Content/Icons/Toolbar/Pivot_CenterOnElements_disabled.png using Guid(cb4e6fc765183463cb5ab3522bfc607e) Importer(815301076,1909f56bfc062723c751e8b465ee728b) [PhysX] Initialized MultithreadedTaskDispatcher with 24 workers.
[PhysX] Initialized MultithreadedTaskDispatcher with 24 workers.
 -> (artifact id: '874ba7b11cd3106c93473ddf5ab47df0') in 0.010670 seconds
Number of updated asset objects reloaded before import = 0
Number of asset objects unloaded after import = 2
========================================================================
Received Import Request.
  Time since last request: 0.005246 seconds.
  path: Packages/com.unity.probuilder/Content/Icons/Toolbar/Pivot_DirectEdit.png
  artifactKey: Guid(1fb428ccc95fd406e89e0777f619cf2d) Importer(815301076,1909f56bfc062723c751e8b465ee728b)
Start importing Packages/com.unity.probuilder/Content/Icons/Toolbar/Pivot_DirectEdit.png using Guid(1fb428ccc95fd406e89e0777f619cf2d) Importer(815301076,1909f56bfc062723c751e8b465ee728b) [PhysX] Initialized MultithreadedTaskDispatcher with 24 workers.
[PhysX] Initialized MultithreadedTaskDispatcher with 24 workers.
 -> (artifact id: '6fd0ebc55c7d828b46fff6d9f621a669') in 0.009957 seconds
Number of updated asset objects reloaded before import = 0
Number of asset objects unloaded after import = 2
========================================================================
Received Import Request.
  Time since last request: 0.006471 seconds.
  path: Packages/com.unity.probuilder/Content/Icons/Tools/ShapeTool/Plane.png
  artifactKey: Guid(1c5b74f98e6f09b44b0e980230e9e592) Importer(815301076,1909f56bfc062723c751e8b465ee728b)
Start importing Packages/com.unity.probuilder/Content/Icons/Tools/ShapeTool/Plane.png using Guid(1c5b74f98e6f09b44b0e980230e9e592) Importer(815301076,1909f56bfc062723c751e8b465ee728b) [PhysX] Initialized MultithreadedTaskDispatcher with 24 workers.
[PhysX] Initialized MultithreadedTaskDispatcher with 24 workers.
 -> (artifact id: 'f008cd5671ae0044f825973d69ebb5c5') in 0.009877 seconds
Number of updated asset objects reloaded before import = 0
Number of asset objects unloaded after import = 2
========================================================================
Received Import Request.
  Time since last request: 0.005064 seconds.
  path: Packages/com.unity.probuilder/Content/Icons/Tools/ShapeTool/on/Plane@2x.png
  artifactKey: Guid(d0547ede8cffa4d46bc206b106e18bd7) Importer(815301076,1909f56bfc062723c751e8b465ee728b)
Start importing Packages/com.unity.probuilder/Content/Icons/Tools/ShapeTool/on/Plane@2x.png using Guid(d0547ede8cffa4d46bc206b106e18bd7) Importer(815301076,1909f56bfc062723c751e8b465ee728b) [PhysX] Initialized MultithreadedTaskDispatcher with 24 workers.
[PhysX] Initialized MultithreadedTaskDispatcher with 24 workers.
 -> (artifact id: '2276e440a360dea123fbe13a35cf52dd') in 0.010806 seconds
Number of updated asset objects reloaded before import = 0
Number of asset objects unloaded after import = 2
========================================================================
Received Import Request.
  Time since last request: 0.031308 seconds.
  path: Packages/com.unity.ads/Editor/Resources/PortraitMon.png
  artifactKey: Guid(fdaa7418df08e4a08a23b15470ee1c86) Importer(815301076,1909f56bfc062723c751e8b465ee728b)
Start importing Packages/com.unity.ads/Editor/Resources/PortraitMon.png using Guid(fdaa7418df08e4a08a23b15470ee1c86) Importer(815301076,1909f56bfc062723c751e8b465ee728b) [PhysX] Initialized MultithreadedTaskDispatcher with 24 workers.
[PhysX] Initialized MultithreadedTaskDispatcher with 24 workers.
 -> (artifact id: '3614ac598bdb9eb173cc434217ad09f7') in 0.013779 seconds
Number of updated asset objects reloaded before import = 0
Number of asset objects unloaded after import = 2
========================================================================
Received Import Request.
  Time since last request: 0.001205 seconds.
  path: Packages/com.unity.inputsystem/InputSystem/Editor/Icons/Position@3x.png
  artifactKey: Guid(a43c2c10c85c448b584c8f2840f86915) Importer(815301076,1909f56bfc062723c751e8b465ee728b)
Start importing Packages/com.unity.inputsystem/InputSystem/Editor/Icons/Position@3x.png using Guid(a43c2c10c85c448b584c8f2840f86915) Importer(815301076,1909f56bfc062723c751e8b465ee728b) [PhysX] Initialized MultithreadedTaskDispatcher with 24 workers.
[PhysX] Initialized MultithreadedTaskDispatcher with 24 workers.
 -> (artifact id: 'f375bf3aeb460af6e1fd800ec460bf40') in 0.010561 seconds
Number of updated asset objects reloaded before import = 0
Number of asset objects unloaded after import = 2
========================================================================
Received Import Request.
  Time since last request: 0.005659 seconds.
  path: Packages/com.unity.probuilder/Content/Icons/Tools/ShapeTool/Prism.png
  artifactKey: Guid(7a2b4f63449e4bf41884255606dfa343) Importer(815301076,1909f56bfc062723c751e8b465ee728b)
Start importing Packages/com.unity.probuilder/Content/Icons/Tools/ShapeTool/Prism.png using Guid(7a2b4f63449e4bf41884255606dfa343) Importer(815301076,1909f56bfc062723c751e8b465ee728b) [PhysX] Initialized MultithreadedTaskDispatcher with 24 workers.
[PhysX] Initialized MultithreadedTaskDispatcher with 24 workers.
 -> (artifact id: 'ddfd58ba50db21543efdbdb47f9495a6') in 0.010979 seconds
Number of updated asset objects reloaded before import = 0
Number of asset objects unloaded after import = 2
========================================================================
Received Import Request.
  Time since last request: 0.029857 seconds.
  path: Packages/com.unity.probuilder/Content/Icons/Tools/ShapeTool/Prism@2x_Light.png
  artifactKey: Guid(c6c1579a2bd11934c9658a9e9e223714) Importer(815301076,1909f56bfc062723c751e8b465ee728b)
Start importing Packages/com.unity.probuilder/Content/Icons/Tools/ShapeTool/Prism@2x_Light.png using Guid(c6c1579a2bd11934c9658a9e9e223714) Importer(815301076,1909f56bfc062723c751e8b465ee728b) [PhysX] Initialized MultithreadedTaskDispatcher with 24 workers.
[PhysX] Initialized MultithreadedTaskDispatcher with 24 workers.
 -> (artifact id: '28c4e5723d7d28b24330f91db10cb482') in 0.009975 seconds
Number of updated asset objects reloaded before import = 0
Number of asset objects unloaded after import = 2
========================================================================
Received Import Request.
  Time since last request: 0.005431 seconds.
  path: Packages/com.unity.probuilder/Content/Icons/UVEditor/ProBuilderGUI_UV_Manip_On.png
  artifactKey: Guid(eb541c72b12c34a2d8ddadcb283b889e) Importer(815301076,1909f56bfc062723c751e8b465ee728b)
Start importing Packages/com.unity.probuilder/Content/Icons/UVEditor/ProBuilderGUI_UV_Manip_On.png using Guid(eb541c72b12c34a2d8ddadcb283b889e) Importer(815301076,1909f56bfc062723c751e8b465ee728b) [PhysX] Initialized MultithreadedTaskDispatcher with 24 workers.
[PhysX] Initialized MultithreadedTaskDispatcher with 24 workers.
 -> (artifact id: 'c5bbba44c715badd01d8bcd9ffb6bff1') in 0.011223 seconds
Number of updated asset objects reloaded before import = 0
Number of asset objects unloaded after import = 2
========================================================================
Received Import Request.
  Time since last request: 0.004132 seconds.
  path: Packages/com.unity.inputsystem/InputSystem/Editor/AssetEditor/PackageResources/pro/propertiesBackground.png
  artifactKey: Guid(b02e3f0c0798a4f1789a89a7697660be) Importer(815301076,1909f56bfc062723c751e8b465ee728b)
Start importing Packages/com.unity.inputsystem/InputSystem/Editor/AssetEditor/PackageResources/pro/propertiesBackground.png using Guid(b02e3f0c0798a4f1789a89a7697660be) Importer(815301076,1909f56bfc062723c751e8b465ee728b) [PhysX] Initialized MultithreadedTaskDispatcher with 24 workers.
[PhysX] Initialized MultithreadedTaskDispatcher with 24 workers.
 -> (artifact id: 'ce67c1f1be6b1626154e6c67987f834b') in 0.010197 seconds
Number of updated asset objects reloaded before import = 0
Number of asset objects unloaded after import = 2
========================================================================
Received Import Request.
  Time since last request: 0.001188 seconds.
  path: Packages/com.unity.ads/Editor/Resources/Purchase.png
  artifactKey: Guid(db87dc7dfd26443b898812877180d0a4) Importer(815301076,1909f56bfc062723c751e8b465ee728b)
Start importing Packages/com.unity.ads/Editor/Resources/Purchase.png using Guid(db87dc7dfd26443b898812877180d0a4) Importer(815301076,1909f56bfc062723c751e8b465ee728b) [PhysX] Initialized MultithreadedTaskDispatcher with 24 workers.
[PhysX] Initialized MultithreadedTaskDispatcher with 24 workers.
 -> (artifact id: '8f11dd477ff1519f9d3fcd3bea85dcff') in 0.010642 seconds
Number of updated asset objects reloaded before import = 0
Number of asset objects unloaded after import = 2
========================================================================
Received Import Request.
  Time since last request: 1.271571 seconds.
  path: Packages/com.unity.probuilder/Content/Icons/Toolbar/RoundedBorder.png
  artifactKey: Guid(ac9e13c8802f74529be37e5cf1150360) Importer(815301076,1909f56bfc062723c751e8b465ee728b)
Start importing Packages/com.unity.probuilder/Content/Icons/Toolbar/RoundedBorder.png using Guid(ac9e13c8802f74529be37e5cf1150360) Importer(815301076,1909f56bfc062723c751e8b465ee728b) [PhysX] Initialized MultithreadedTaskDispatcher with 24 workers.
[PhysX] Initialized MultithreadedTaskDispatcher with 24 workers.
 -> (artifact id: 'd29bd69d7cb53a28fc09d8427704acb7') in 0.013644 seconds
Number of updated asset objects reloaded before import = 0
Number of asset objects unloaded after import = 2
========================================================================
Received Import Request.
  Time since last request: 0.003628 seconds.
  path: Packages/com.unity.probuilder/Content/Icons/Toolbar/Background/RoundedRect_Hover_BlueSteel.png
  artifactKey: Guid(a04610ef640d34da59cd697db80486b4) Importer(815301076,1909f56bfc062723c751e8b465ee728b)
Start importing Packages/com.unity.probuilder/Content/Icons/Toolbar/Background/RoundedRect_Hover_BlueSteel.png using Guid(a04610ef640d34da59cd697db80486b4) Importer(815301076,1909f56bfc062723c751e8b465ee728b) [PhysX] Initialized MultithreadedTaskDispatcher with 24 workers.
[PhysX] Initialized MultithreadedTaskDispatcher with 24 workers.
 -> (artifact id: 'fa3b97bce8821f02df7919823d2db79c') in 0.010693 seconds
Number of updated asset objects reloaded before import = 0
Number of asset objects unloaded after import = 2
========================================================================
Received Import Request.
  Time since last request: 0.006143 seconds.
  path: Packages/com.unity.probuilder/Content/Icons/Toolbar/Background/RoundedRect_Normal.png
  artifactKey: Guid(b70a2a56c35a0439b9418e0aae585957) Importer(815301076,1909f56bfc062723c751e8b465ee728b)
Start importing Packages/com.unity.probuilder/Content/Icons/Toolbar/Background/RoundedRect_Normal.png using Guid(b70a2a56c35a0439b9418e0aae585957) Importer(815301076,1909f56bfc062723c751e8b465ee728b) [PhysX] Initialized MultithreadedTaskDispatcher with 24 workers.
[PhysX] Initialized MultithreadedTaskDispatcher with 24 workers.
 -> (artifact id: 'adfb427cfc0e3d54923df272d5311ca0') in 0.010721 seconds
Number of updated asset objects reloaded before import = 0
Number of asset objects unloaded after import = 2
========================================================================
Received Import Request.
  Time since last request: 0.153119 seconds.
  path: Packages/com.unity.probuilder/Content/Icons/Toolbar/Background/RoundedRect_Normal_Orange.png
  artifactKey: Guid(c1fff777063ac4cfda0ceb4a6fb818a2) Importer(815301076,1909f56bfc062723c751e8b465ee728b)
Start importing Packages/com.unity.probuilder/Content/Icons/Toolbar/Background/RoundedRect_Normal_Orange.png using Guid(c1fff777063ac4cfda0ceb4a6fb818a2) Importer(815301076,1909f56bfc062723c751e8b465ee728b) [PhysX] Initialized MultithreadedTaskDispatcher with 24 workers.
[PhysX] Initialized MultithreadedTaskDispatcher with 24 workers.
 -> (artifact id: 'c030824fa7bc887ca9075792c762abf2') in 0.011631 seconds
Number of updated asset objects reloaded before import = 0
Number of asset objects unloaded after import = 2
========================================================================
Received Import Request.
  Time since last request: 0.005013 seconds.
  path: Packages/com.unity.probuilder/Content/Icons/Toolbar/Background/RoundedRect_Pressed_BlueSteel.png
  artifactKey: Guid(681e960584a3e4b2ebbb9913f2f70263) Importer(815301076,1909f56bfc062723c751e8b465ee728b)
Start importing Packages/com.unity.probuilder/Content/Icons/Toolbar/Background/RoundedRect_Pressed_BlueSteel.png using Guid(681e960584a3e4b2ebbb9913f2f70263) Importer(815301076,1909f56bfc062723c751e8b465ee728b) [PhysX] Initialized MultithreadedTaskDispatcher with 24 workers.
[PhysX] Initialized MultithreadedTaskDispatcher with 24 workers.
 -> (artifact id: 'e1a3c4094b4d8c0b8c593ab80a9cfe29') in 0.011179 seconds
Number of updated asset objects reloaded before import = 0
Number of asset objects unloaded after import = 2
========================================================================
Received Import Request.
  Time since last request: 0.004085 seconds.
  path: Packages/com.unity.cinemachine/Editor/EditorResources/SceneToolsLabelBackground.png
  artifactKey: Guid(5ca5d3d4919ce4b4bbbc4e3c67bf6320) Importer(815301076,1909f56bfc062723c751e8b465ee728b)
Start importing Packages/com.unity.cinemachine/Editor/EditorResources/SceneToolsLabelBackground.png using Guid(5ca5d3d4919ce4b4bbbc4e3c67bf6320) Importer(815301076,1909f56bfc062723c751e8b465ee728b) [PhysX] Initialized MultithreadedTaskDispatcher with 24 workers.
[PhysX] Initialized MultithreadedTaskDispatcher with 24 workers.
 -> (artifact id: 'f4896796ad0562a32a56cb27b822b860') in 0.010886 seconds
Number of updated asset objects reloaded before import = 0
Number of asset objects unloaded after import = 2
========================================================================
Received Import Request.
  Time since last request: 0.433116 seconds.
  path: Packages/com.unity.textmeshpro/Editor Resources/Textures/SectionHeader_Light.psd
  artifactKey: Guid(e3b0f810fdea84e40ab4ba20f256f7e8) Importer(815301076,1909f56bfc062723c751e8b465ee728b)
Start importing Packages/com.unity.textmeshpro/Editor Resources/Textures/SectionHeader_Light.psd using Guid(e3b0f810fdea84e40ab4ba20f256f7e8) Importer(815301076,1909f56bfc062723c751e8b465ee728b) [PhysX] Initialized MultithreadedTaskDispatcher with 24 workers.
[PhysX] Initialized MultithreadedTaskDispatcher with 24 workers.
 -> (artifact id: 'f78cbde43577bede65762109a912e476') in 0.012118 seconds
Number of updated asset objects reloaded before import = 0
Number of asset objects unloaded after import = 2
========================================================================
Received Import Request.
  Time since last request: 0.003700 seconds.
  path: Packages/com.unity.probuilder/Content/Icons/Toolbar/Selection_Invert.png
  artifactKey: Guid(1e81779d9a73a4572971700ad1ce0fe3) Importer(815301076,1909f56bfc062723c751e8b465ee728b)
Start importing Packages/com.unity.probuilder/Content/Icons/Toolbar/Selection_Invert.png using Guid(1e81779d9a73a4572971700ad1ce0fe3) Importer(815301076,1909f56bfc062723c751e8b465ee728b) [PhysX] Initialized MultithreadedTaskDispatcher with 24 workers.
[PhysX] Initialized MultithreadedTaskDispatcher with 24 workers.
 -> (artifact id: 'b0a2b640a41d5fb0c8c54d34458acd3e') in 0.011254 seconds
Number of updated asset objects reloaded before import = 0
Number of asset objects unloaded after import = 2
========================================================================
Received Import Request.
  Time since last request: 0.004461 seconds.
  path: Packages/com.unity.probuilder/Content/Icons/Toolbar/Selection_Loop_disabled.png
  artifactKey: Guid(f0334c0bc6d0e4053bbb3d22950b5ad5) Importer(815301076,1909f56bfc062723c751e8b465ee728b)
Start importing Packages/com.unity.probuilder/Content/Icons/Toolbar/Selection_Loop_disabled.png using Guid(f0334c0bc6d0e4053bbb3d22950b5ad5) Importer(815301076,1909f56bfc062723c751e8b465ee728b) [PhysX] Initialized MultithreadedTaskDispatcher with 24 workers.
[PhysX] Initialized MultithreadedTaskDispatcher with 24 workers.
 -> (artifact id: 'aa43b8dc0b512e549bc8642ecbf08196') in 0.009970 seconds
Number of updated asset objects reloaded before import = 0
Number of asset objects unloaded after import = 2
========================================================================
Received Import Request.
  Time since last request: 0.009829 seconds.
  path: Packages/com.unity.probuilder/Content/Icons/Toolbar/Selection_Rect_Complete.png
  artifactKey: Guid(07e89e2d154d04623b0fb96b6bfc29bf) Importer(815301076,1909f56bfc062723c751e8b465ee728b)
Start importing Packages/com.unity.probuilder/Content/Icons/Toolbar/Selection_Rect_Complete.png using Guid(07e89e2d154d04623b0fb96b6bfc29bf) Importer(815301076,1909f56bfc062723c751e8b465ee728b) [PhysX] Initialized MultithreadedTaskDispatcher with 24 workers.
[PhysX] Initialized MultithreadedTaskDispatcher with 24 workers.
 -> (artifact id: '5c328f7c499275684283da0d31bc9d87') in 0.010783 seconds
Number of updated asset objects reloaded before import = 0
Number of asset objects unloaded after import = 2
========================================================================
Received Import Request.
  Time since last request: 0.810908 seconds.
  path: Packages/com.unity.probuilder/Content/Icons/Toolbar/Selection_Ring_disabled.png
  artifactKey: Guid(12a20356f49f84fcba632c43573fe1f4) Importer(815301076,1909f56bfc062723c751e8b465ee728b)
Start importing Packages/com.unity.probuilder/Content/Icons/Toolbar/Selection_Ring_disabled.png using Guid(12a20356f49f84fcba632c43573fe1f4) Importer(815301076,1909f56bfc062723c751e8b465ee728b) [PhysX] Initialized MultithreadedTaskDispatcher with 24 workers.
[PhysX] Initialized MultithreadedTaskDispatcher with 24 workers.
 -> (artifact id: '68c2d76b1cc8d2d72e52625898058b8e') in 0.012656 seconds
Number of updated asset objects reloaded before import = 0
Number of asset objects unloaded after import = 2
========================================================================
Received Import Request.
  Time since last request: 0.002793 seconds.
  path: Packages/com.unity.probuilder/Content/Icons/Toolbar/Selection_SelectByMaterial_disabled.png
  artifactKey: Guid(07b70a092b6df4d37add639c429acb2b) Importer(815301076,1909f56bfc062723c751e8b465ee728b)
Start importing Packages/com.unity.probuilder/Content/Icons/Toolbar/Selection_SelectByMaterial_disabled.png using Guid(07b70a092b6df4d37add639c429acb2b) Importer(815301076,1909f56bfc062723c751e8b465ee728b) [PhysX] Initialized MultithreadedTaskDispatcher with 24 workers.
[PhysX] Initialized MultithreadedTaskDispatcher with 24 workers.
 -> (artifact id: '1e2780a9b01ae6c68aec00602959f923') in 0.011327 seconds
Number of updated asset objects reloaded before import = 0
Number of asset objects unloaded after import = 2
========================================================================
Received Import Request.
  Time since last request: 0.004268 seconds.
  path: Packages/com.unity.probuilder/Content/Icons/Toolbar/Selection_SelectByVertexColor.png
  artifactKey: Guid(fd32b78549c224927a6139e8252f89c4) Importer(815301076,1909f56bfc062723c751e8b465ee728b)
Start importing Packages/com.unity.probuilder/Content/Icons/Toolbar/Selection_SelectByVertexColor.png using Guid(fd32b78549c224927a6139e8252f89c4) Importer(815301076,1909f56bfc062723c751e8b465ee728b) [PhysX] Initialized MultithreadedTaskDispatcher with 24 workers.
[PhysX] Initialized MultithreadedTaskDispatcher with 24 workers.
 -> (artifact id: '179aef988e09a3758f00249a60d696de') in 0.010288 seconds
Number of updated asset objects reloaded before import = 0
Number of asset objects unloaded after import = 2
========================================================================
Received Import Request.
  Time since last request: 0.005815 seconds.
  path: Packages/com.unity.probuilder/Content/Icons/Toolbar/Selection_SelectHidden-ON.png
  artifactKey: Guid(a8f9f8e9ccf234b838fd410a9275fa27) Importer(815301076,1909f56bfc062723c751e8b465ee728b)
Start importing Packages/com.unity.probuilder/Content/Icons/Toolbar/Selection_SelectHidden-ON.png using Guid(a8f9f8e9ccf234b838fd410a9275fa27) Importer(815301076,1909f56bfc062723c751e8b465ee728b) [PhysX] Initialized MultithreadedTaskDispatcher with 24 workers.
[PhysX] Initialized MultithreadedTaskDispatcher with 24 workers.
 -> (artifact id: '612ed8e04fedd90544ae89d44021b931') in 0.012718 seconds
Number of updated asset objects reloaded before import = 0
Number of asset objects unloaded after import = 2
========================================================================
Received Import Request.
  Time since last request: 0.410784 seconds.
  path: Packages/com.unity.probuilder/Content/Icons/Toolbar/Selection_ShiftAdd.png
  artifactKey: Guid(355d6186c739f4e57b30cd51ded99471) Importer(815301076,1909f56bfc062723c751e8b465ee728b)
Start importing Packages/com.unity.probuilder/Content/Icons/Toolbar/Selection_ShiftAdd.png using Guid(355d6186c739f4e57b30cd51ded99471) Importer(815301076,1909f56bfc062723c751e8b465ee728b) [PhysX] Initialized MultithreadedTaskDispatcher with 24 workers.
[PhysX] Initialized MultithreadedTaskDispatcher with 24 workers.
 -> (artifact id: '52911665d457a6fd3bfd9045bb14854e') in 0.016435 seconds
Number of updated asset objects reloaded before import = 0
Number of asset objects unloaded after import = 2
========================================================================
Received Import Request.
  Time since last request: 0.001005 seconds.
  path: Packages/com.unity.probuilder/Content/Icons/Toolbar/Selection_Shrink.png
  artifactKey: Guid(8cc38b3a75170440ca1a1cfa37837ed5) Importer(815301076,1909f56bfc062723c751e8b465ee728b)
Start importing Packages/com.unity.probuilder/Content/Icons/Toolbar/Selection_Shrink.png using Guid(8cc38b3a75170440ca1a1cfa37837ed5) Importer(815301076,1909f56bfc062723c751e8b465ee728b) [PhysX] Initialized MultithreadedTaskDispatcher with 24 workers.
[PhysX] Initialized MultithreadedTaskDispatcher with 24 workers.
 -> (artifact id: '9b708ec87fa92c1d885c74ae9ff58b7e') in 0.011442 seconds
Number of updated asset objects reloaded before import = 0
Number of asset objects unloaded after import = 2
========================================================================
Received Import Request.
  Time since last request: 0.004312 seconds.
  path: Packages/com.unity.probuilder/Content/Icons/Scene/SelectionRect@2x.png
  artifactKey: Guid(8a71d1d5ecfb449c1a4a70d7fb021d04) Importer(815301076,1909f56bfc062723c751e8b465ee728b)
Start importing Packages/com.unity.probuilder/Content/Icons/Scene/SelectionRect@2x.png using Guid(8a71d1d5ecfb449c1a4a70d7fb021d04) Importer(815301076,1909f56bfc062723c751e8b465ee728b) [PhysX] Initialized MultithreadedTaskDispatcher with 24 workers.
[PhysX] Initialized MultithreadedTaskDispatcher with 24 workers.
 -> (artifact id: 'a0a6aa544d4a69feb4d1bb25baa257da') in 0.018488 seconds
Number of updated asset objects reloaded before import = 0
Number of asset objects unloaded after import = 2
========================================================================
Received Import Request.
  Time since last request: 0.002539 seconds.
  path: Packages/com.unity.probuilder/Content/Icons/Toolbar/ShowNextPage_Left.png
  artifactKey: Guid(1f490d722029243d6b79a63a83914eb2) Importer(815301076,1909f56bfc062723c751e8b465ee728b)
Start importing Packages/com.unity.probuilder/Content/Icons/Toolbar/ShowNextPage_Left.png using Guid(1f490d722029243d6b79a63a83914eb2) Importer(815301076,1909f56bfc062723c751e8b465ee728b) [PhysX] Initialized MultithreadedTaskDispatcher with 24 workers.
[PhysX] Initialized MultithreadedTaskDispatcher with 24 workers.
 -> (artifact id: '40cca310beae62303958064e5dea6020') in 0.011867 seconds
Number of updated asset objects reloaded before import = 0
Number of asset objects unloaded after import = 2
========================================================================
Received Import Request.
  Time since last request: 0.077437 seconds.
  path: Packages/com.unity.probuilder/Content/Icons/Toolbar/ShowNextPage_Right.png
  artifactKey: Guid(3bf8693eb2c37403a811b4f1caf3d004) Importer(815301076,1909f56bfc062723c751e8b465ee728b)
Start importing Packages/com.unity.probuilder/Content/Icons/Toolbar/ShowNextPage_Right.png using Guid(3bf8693eb2c37403a811b4f1caf3d004) Importer(815301076,1909f56bfc062723c751e8b465ee728b) [PhysX] Initialized MultithreadedTaskDispatcher with 24 workers.
[PhysX] Initialized MultithreadedTaskDispatcher with 24 workers.
 -> (artifact id: 'df9c62c422398f632485c954c3e47534') in 0.011475 seconds
Number of updated asset objects reloaded before import = 0
Number of asset objects unloaded after import = 2
========================================================================
Received Import Request.
  Time since last request: 0.004870 seconds.
  path: Packages/com.unity.probuilder/Content/Icons/Toolbar/ShowNextPage_Up_Light.png
  artifactKey: Guid(34379e6167521e8419425291807d4eb6) Importer(815301076,1909f56bfc062723c751e8b465ee728b)
Start importing Packages/com.unity.probuilder/Content/Icons/Toolbar/ShowNextPage_Up_Light.png using Guid(34379e6167521e8419425291807d4eb6) Importer(815301076,1909f56bfc062723c751e8b465ee728b) [PhysX] Initialized MultithreadedTaskDispatcher with 24 workers.
[PhysX] Initialized MultithreadedTaskDispatcher with 24 workers.
 -> (artifact id: 'a69ae0c5ef9c036476836ed55fb89134') in 0.010639 seconds
Number of updated asset objects reloaded before import = 0
Number of asset objects unloaded after import = 2
========================================================================
Received Import Request.
  Time since last request: 0.004959 seconds.
  path: Packages/com.unity.postprocessing/PostProcessing/Textures/SpectralLUTs/SpectralLut_PurpleGreen.tga
  artifactKey: Guid(42183971d24cfe443a346e7ec6e83bbb) Importer(815301076,1909f56bfc062723c751e8b465ee728b)
Start importing Packages/com.unity.postprocessing/PostProcessing/Textures/SpectralLUTs/SpectralLut_PurpleGreen.tga using Guid(42183971d24cfe443a346e7ec6e83bbb) Importer(815301076,1909f56bfc062723c751e8b465ee728b) [PhysX] Initialized MultithreadedTaskDispatcher with 24 workers.
[PhysX] Initialized MultithreadedTaskDispatcher with 24 workers.
 -> (artifact id: '7cfb8fb0196c2a7d3be9199afe79b044') in 0.010738 seconds
Number of updated asset objects reloaded before import = 0
Number of asset objects unloaded after import = 2
========================================================================
Received Import Request.
  Time since last request: 0.005721 seconds.
  path: Packages/com.unity.probuilder/Content/Icons/Tools/ShapeTool/Sphere.png
  artifactKey: Guid(354177b5c3a3c6240ada0b1db08cad55) Importer(815301076,1909f56bfc062723c751e8b465ee728b)
Start importing Packages/com.unity.probuilder/Content/Icons/Tools/ShapeTool/Sphere.png using Guid(354177b5c3a3c6240ada0b1db08cad55) Importer(815301076,1909f56bfc062723c751e8b465ee728b) [PhysX] Initialized MultithreadedTaskDispatcher with 24 workers.
[PhysX] Initialized MultithreadedTaskDispatcher with 24 workers.
 -> (artifact id: 'b5990017918e5f4821194c757d1a27d6') in 0.012410 seconds
Number of updated asset objects reloaded before import = 0
Number of asset objects unloaded after import = 2
========================================================================
Received Import Request.
  Time since last request: 0.050975 seconds.
  path: Packages/com.unity.probuilder/Content/Icons/Tools/ShapeTool/on/Sphere@2x.png
  artifactKey: Guid(8a94b25b61361b64dadad57f3a3481b6) Importer(815301076,1909f56bfc062723c751e8b465ee728b)
Start importing Packages/com.unity.probuilder/Content/Icons/Tools/ShapeTool/on/Sphere@2x.png using Guid(8a94b25b61361b64dadad57f3a3481b6) Importer(815301076,1909f56bfc062723c751e8b465ee728b) [PhysX] Initialized MultithreadedTaskDispatcher with 24 workers.
[PhysX] Initialized MultithreadedTaskDispatcher with 24 workers.
 -> (artifact id: '550064506132e657889455ca9fca128b') in 0.011278 seconds
Number of updated asset objects reloaded before import = 0
Number of asset objects unloaded after import = 2
========================================================================
Received Import Request.
  Time since last request: 0.005582 seconds.
  path: Packages/com.unity.probuilder/Content/Icons/Tools/ShapeTool/Sprite.png
  artifactKey: Guid(9d971e1338f705046a6f346777dbf801) Importer(815301076,1909f56bfc062723c751e8b465ee728b)
Start importing Packages/com.unity.probuilder/Content/Icons/Tools/ShapeTool/Sprite.png using Guid(9d971e1338f705046a6f346777dbf801) Importer(815301076,1909f56bfc062723c751e8b465ee728b) [PhysX] Initialized MultithreadedTaskDispatcher with 24 workers.
[PhysX] Initialized MultithreadedTaskDispatcher with 24 workers.
 -> (artifact id: 'a7b1e67fd3421f950d29a06e1b7abb1d') in 0.011022 seconds
Number of updated asset objects reloaded before import = 0
Number of asset objects unloaded after import = 2
========================================================================
Received Import Request.
  Time since last request: 0.005030 seconds.
  path: Packages/com.unity.probuilder/Content/Icons/Tools/ShapeTool/Sprite@2x.png
  artifactKey: Guid(0827381bdac1bcb45ac1962eb838af6b) Importer(815301076,1909f56bfc062723c751e8b465ee728b)
Start importing Packages/com.unity.probuilder/Content/Icons/Tools/ShapeTool/Sprite@2x.png using Guid(0827381bdac1bcb45ac1962eb838af6b) Importer(815301076,1909f56bfc062723c751e8b465ee728b) [PhysX] Initialized MultithreadedTaskDispatcher with 24 workers.
[PhysX] Initialized MultithreadedTaskDispatcher with 24 workers.
 -> (artifact id: '9e24e8a0cf6053fdfb4aebb99628fd95') in 0.012458 seconds
Number of updated asset objects reloaded before import = 0
Number of asset objects unloaded after import = 2
========================================================================
Received Import Request.
  Time since last request: 0.062584 seconds.
  path: Packages/com.unity.2d.sprite/Editor/Assets/SpriteEditor@2x.png
  artifactKey: Guid(7013f35dfb10340ecbb956ca7e17de0d) Importer(815301076,1909f56bfc062723c751e8b465ee728b)
Start importing Packages/com.unity.2d.sprite/Editor/Assets/SpriteEditor@2x.png using Guid(7013f35dfb10340ecbb956ca7e17de0d) Importer(815301076,1909f56bfc062723c751e8b465ee728b) [PhysX] Initialized MultithreadedTaskDispatcher with 24 workers.
[PhysX] Initialized MultithreadedTaskDispatcher with 24 workers.
 -> (artifact id: '7272f61c44b46dc52bd9c517d082a2ae') in 0.011107 seconds
Number of updated asset objects reloaded before import = 0
Number of asset objects unloaded after import = 2
========================================================================
Received Import Request.
  Time since last request: 0.003796 seconds.
  path: Packages/com.unity.2d.sprite/Editor/ObjectMenuCreation/DefaultAssets/Textures/v2/Square.png
  artifactKey: Guid(311925a002f4447b3a28927169b83ea6) Importer(815301076,1909f56bfc062723c751e8b465ee728b)
Start importing Packages/com.unity.2d.sprite/Editor/ObjectMenuCreation/DefaultAssets/Textures/v2/Square.png using Guid(311925a002f4447b3a28927169b83ea6) Importer(815301076,1909f56bfc062723c751e8b465ee728b) [PhysX] Initialized MultithreadedTaskDispatcher with 24 workers.
[PhysX] Initialized MultithreadedTaskDispatcher with 24 workers.
 -> (artifact id: '684163456bce3cc9ad277256c871d5e2') in 0.013818 seconds
Number of updated asset objects reloaded before import = 0
Number of asset objects unloaded after import = 3
========================================================================
Received Import Request.
  Time since last request: 0.003154 seconds.
  path: Packages/com.unity.probuilder/Content/Icons/Tools/ShapeTool/on/Stair.png
  artifactKey: Guid(47d1b6289109a1b448ba58881c54eaba) Importer(815301076,1909f56bfc062723c751e8b465ee728b)
Start importing Packages/com.unity.probuilder/Content/Icons/Tools/ShapeTool/on/Stair.png using Guid(47d1b6289109a1b448ba58881c54eaba) Importer(815301076,1909f56bfc062723c751e8b465ee728b) [PhysX] Initialized MultithreadedTaskDispatcher with 24 workers.
[PhysX] Initialized MultithreadedTaskDispatcher with 24 workers.
 -> (artifact id: '5af0324fe565a1787e5ccf24499d8422') in 0.010730 seconds
Number of updated asset objects reloaded before import = 0
Number of asset objects unloaded after import = 2
========================================================================
Received Import Request.
  Time since last request: 0.145539 seconds.
  path: Packages/com.unity.probuilder/Content/Icons/Tools/ShapeTool/Stairs_Light.png
  artifactKey: Guid(e4b05266707f99b40a50fd3e83973928) Importer(815301076,1909f56bfc062723c751e8b465ee728b)
Start importing Packages/com.unity.probuilder/Content/Icons/Tools/ShapeTool/Stairs_Light.png using Guid(e4b05266707f99b40a50fd3e83973928) Importer(815301076,1909f56bfc062723c751e8b465ee728b) [PhysX] Initialized MultithreadedTaskDispatcher with 24 workers.
[PhysX] Initialized MultithreadedTaskDispatcher with 24 workers.
 -> (artifact id: 'd0aba4333ac8767699dc1a4caffe5b1d') in 0.012165 seconds
Number of updated asset objects reloaded before import = 0
Number of asset objects unloaded after import = 2
========================================================================
Received Import Request.
  Time since last request: 0.004212 seconds.
  path: Packages/com.unity.services.analytics/Editor/Tools/StateUninitialised.png
  artifactKey: Guid(5d833ab30f10256408a64a1e31a24dd0) Importer(815301076,1909f56bfc062723c751e8b465ee728b)
Start importing Packages/com.unity.services.analytics/Editor/Tools/StateUninitialised.png using Guid(5d833ab30f10256408a64a1e31a24dd0) Importer(815301076,1909f56bfc062723c751e8b465ee728b) [PhysX] Initialized MultithreadedTaskDispatcher with 24 workers.
[PhysX] Initialized MultithreadedTaskDispatcher with 24 workers.
 -> (artifact id: 'bca5b81b5b448eaa9f86f41e05e34880') in 0.011186 seconds
Number of updated asset objects reloaded before import = 0
Number of asset objects unloaded after import = 2
========================================================================
Received Import Request.
  Time since last request: 0.003796 seconds.
  path: Packages/com.unity.collab-proxy/Editor/Assets/Images/step2.png
  artifactKey: Guid(cd0b17b71a5c498428ee91dee8a78a88) Importer(815301076,1909f56bfc062723c751e8b465ee728b)
Start importing Packages/com.unity.collab-proxy/Editor/Assets/Images/step2.png using Guid(cd0b17b71a5c498428ee91dee8a78a88) Importer(815301076,1909f56bfc062723c751e8b465ee728b) [PhysX] Initialized MultithreadedTaskDispatcher with 24 workers.
[PhysX] Initialized MultithreadedTaskDispatcher with 24 workers.
 -> (artifact id: 'cb9831517b56902ae45bebc0261ea35f') in 0.010637 seconds
Number of updated asset objects reloaded before import = 0
Number of asset objects unloaded after import = 2
========================================================================
Received Import Request.
  Time since last request: 0.005184 seconds.
  path: Packages/com.unity.collab-proxy/Editor/Assets/Images/step3@2x.png
  artifactKey: Guid(36e6970b84831434a9eac79abd03700b) Importer(815301076,1909f56bfc062723c751e8b465ee728b)
Start importing Packages/com.unity.collab-proxy/Editor/Assets/Images/step3@2x.png using Guid(36e6970b84831434a9eac79abd03700b) Importer(815301076,1909f56bfc062723c751e8b465ee728b) [PhysX] Initialized MultithreadedTaskDispatcher with 24 workers.
[PhysX] Initialized MultithreadedTaskDispatcher with 24 workers.
 -> (artifact id: 'c4d64c6b606f4e24b91df7b386c2b263') in 0.012150 seconds
Number of updated asset objects reloaded before import = 0
Number of asset objects unloaded after import = 2
========================================================================
Received Import Request.
  Time since last request: 0.286018 seconds.
  path: Packages/com.unity.collab-proxy/Editor/Assets/Images/stepok@2x.png
  artifactKey: Guid(be340a165cb9c8d4cb50f1deeb51d4ea) Importer(815301076,1909f56bfc062723c751e8b465ee728b)
Start importing Packages/com.unity.collab-proxy/Editor/Assets/Images/stepok@2x.png using Guid(be340a165cb9c8d4cb50f1deeb51d4ea) Importer(815301076,1909f56bfc062723c751e8b465ee728b) [PhysX] Initialized MultithreadedTaskDispatcher with 24 workers.
[PhysX] Initialized MultithreadedTaskDispatcher with 24 workers.
 -> (artifact id: 'c3866291a1504788c342dd2545b60b51') in 0.010273 seconds
Number of updated asset objects reloaded before import = 0
Number of asset objects unloaded after import = 2
========================================================================
Received Import Request.
  Time since last request: 0.006991 seconds.
  path: Packages/com.unity.inputsystem/InputSystem/Editor/Icons/Stick@2x.png
  artifactKey: Guid(5881d226463a047cb8db57c9cb0ebc0f) Importer(815301076,1909f56bfc062723c751e8b465ee728b)
Start importing Packages/com.unity.inputsystem/InputSystem/Editor/Icons/Stick@2x.png using Guid(5881d226463a047cb8db57c9cb0ebc0f) Importer(815301076,1909f56bfc062723c751e8b465ee728b) [PhysX] Initialized MultithreadedTaskDispatcher with 24 workers.
[PhysX] Initialized MultithreadedTaskDispatcher with 24 workers.
 -> (artifact id: '09cc1ee4ef5d562921d6ac2384fc60b7') in 0.010607 seconds
Number of updated asset objects reloaded before import = 0
Number of asset objects unloaded after import = 2
========================================================================
Received Import Request.
  Time since last request: 0.005670 seconds.
  path: Packages/com.unity.probuilder/Content/Icons/Scene/TextBackground.png
  artifactKey: Guid(efe0b4c986d4c46eaa935b7306936ebf) Importer(815301076,1909f56bfc062723c751e8b465ee728b)
Start importing Packages/com.unity.probuilder/Content/Icons/Scene/TextBackground.png using Guid(efe0b4c986d4c46eaa935b7306936ebf) Importer(815301076,1909f56bfc062723c751e8b465ee728b) [PhysX] Initialized MultithreadedTaskDispatcher with 24 workers.
[PhysX] Initialized MultithreadedTaskDispatcher with 24 workers.
 -> (artifact id: 'dcabf100b92c5080657de0f41f54af31') in 0.010407 seconds
Number of updated asset objects reloaded before import = 0
Number of asset objects unloaded after import = 2
========================================================================
Received Import Request.
  Time since last request: 0.004995 seconds.
  path: Packages/com.unity.2d.tilemap/Editor/Icons/Tilemap.ActiveTargetLayers@2x.png
  artifactKey: Guid(f708c0da8a2b5fc4381f7f8d4a322a0a) Importer(815301076,1909f56bfc062723c751e8b465ee728b)
Start importing Packages/com.unity.2d.tilemap/Editor/Icons/Tilemap.ActiveTargetLayers@2x.png using Guid(f708c0da8a2b5fc4381f7f8d4a322a0a) Importer(815301076,1909f56bfc062723c751e8b465ee728b) [PhysX] Initialized MultithreadedTaskDispatcher with 24 workers.
[PhysX] Initialized MultithreadedTaskDispatcher with 24 workers.
 -> (artifact id: '511f9276bc732f051fa2f7c9840081da') in 0.013110 seconds
Number of updated asset objects reloaded before import = 0
Number of asset objects unloaded after import = 3
========================================================================
Received Import Request.
  Time since last request: 0.103866 seconds.
  path: Packages/com.unity.2d.tilemap/Editor/Icons/Tilemap.BrushSettings.png
  artifactKey: Guid(7a17912541de348408b722a40b972ea3) Importer(815301076,1909f56bfc062723c751e8b465ee728b)
Start importing Packages/com.unity.2d.tilemap/Editor/Icons/Tilemap.BrushSettings.png using Guid(7a17912541de348408b722a40b972ea3) Importer(815301076,1909f56bfc062723c751e8b465ee728b) [PhysX] Initialized MultithreadedTaskDispatcher with 24 workers.
[PhysX] Initialized MultithreadedTaskDispatcher with 24 workers.
 -> (artifact id: '7fc6e06937b5a0b5408460b369e59f93') in 0.014217 seconds
Number of updated asset objects reloaded before import = 0
Number of asset objects unloaded after import = 3
========================================================================
Received Import Request.
  Time since last request: 0.006325 seconds.
  path: Packages/com.unity.2d.tilemap/Editor/Icons/Tilemap.DefaultBrush@2x.png
  artifactKey: Guid(9182e08d6d8be424a98050562de5b053) Importer(815301076,1909f56bfc062723c751e8b465ee728b)
Start importing Packages/com.unity.2d.tilemap/Editor/Icons/Tilemap.DefaultBrush@2x.png using Guid(9182e08d6d8be424a98050562de5b053) Importer(815301076,1909f56bfc062723c751e8b465ee728b) [PhysX] Initialized MultithreadedTaskDispatcher with 24 workers.
[PhysX] Initialized MultithreadedTaskDispatcher with 24 workers.
 -> (artifact id: 'd78e00c6c56c61c9ba698c23afdc9b3b') in 0.012438 seconds
Number of updated asset objects reloaded before import = 0
Number of asset objects unloaded after import = 3
========================================================================
Received Import Request.
  Time since last request: 0.004846 seconds.
  path: Packages/com.unity.2d.tilemap/Editor/Icons/Tilemap.EditPalette@2x.png
  artifactKey: Guid(13c8bd32c985e204eafd19f6360119db) Importer(815301076,1909f56bfc062723c751e8b465ee728b)
Start importing Packages/com.unity.2d.tilemap/Editor/Icons/Tilemap.EditPalette@2x.png using Guid(13c8bd32c985e204eafd19f6360119db) Importer(815301076,1909f56bfc062723c751e8b465ee728b) [PhysX] Initialized MultithreadedTaskDispatcher with 24 workers.
[PhysX] Initialized MultithreadedTaskDispatcher with 24 workers.
 -> (artifact id: '825267cef5d6a5e3e1eecff8c55912e7') in 0.013999 seconds
Number of updated asset objects reloaded before import = 0
Number of asset objects unloaded after import = 3
========================================================================
Received Import Request.
  Time since last request: 0.167554 seconds.
  path: Packages/com.unity.2d.tilemap/Editor/Icons/Tilemap.FocusGrid@4x.png
  artifactKey: Guid(a1bd3db90f5f7314e822ba2e38f901c6) Importer(815301076,1909f56bfc062723c751e8b465ee728b)
Start importing Packages/com.unity.2d.tilemap/Editor/Icons/Tilemap.FocusGrid@4x.png using Guid(a1bd3db90f5f7314e822ba2e38f901c6) Importer(815301076,1909f56bfc062723c751e8b465ee728b) [PhysX] Initialized MultithreadedTaskDispatcher with 24 workers.
[PhysX] Initialized MultithreadedTaskDispatcher with 24 workers.
 -> (artifact id: '2cedb1940a4ac6332663cc9d692b72e6') in 0.014494 seconds
Number of updated asset objects reloaded before import = 0
Number of asset objects unloaded after import = 3
========================================================================
Received Import Request.
  Time since last request: 0.002318 seconds.
  path: Packages/com.unity.2d.tilemap/Editor/Icons/Tilemap.FocusNone@4x.png
  artifactKey: Guid(070c631c5a8d05e41baf0a64b742067d) Importer(815301076,1909f56bfc062723c751e8b465ee728b)
Start importing Packages/com.unity.2d.tilemap/Editor/Icons/Tilemap.FocusNone@4x.png using Guid(070c631c5a8d05e41baf0a64b742067d) Importer(815301076,1909f56bfc062723c751e8b465ee728b) [PhysX] Initialized MultithreadedTaskDispatcher with 24 workers.
[PhysX] Initialized MultithreadedTaskDispatcher with 24 workers.
 -> (artifact id: 'ca49ac344b4bcac98c414bc6f9afe36f') in 0.013485 seconds
Number of updated asset objects reloaded before import = 0
Number of asset objects unloaded after import = 3
========================================================================
Received Import Request.
  Time since last request: 0.003597 seconds.
  path: Packages/com.unity.2d.tilemap/Editor/Icons/Tilemap.FocusTilemap@4x.png
  artifactKey: Guid(7360ac83b6bff7149836a436a4920d53) Importer(815301076,1909f56bfc062723c751e8b465ee728b)
Start importing Packages/com.unity.2d.tilemap/Editor/Icons/Tilemap.FocusTilemap@4x.png using Guid(7360ac83b6bff7149836a436a4920d53) Importer(815301076,1909f56bfc062723c751e8b465ee728b) [PhysX] Initialized MultithreadedTaskDispatcher with 24 workers.
[PhysX] Initialized MultithreadedTaskDispatcher with 24 workers.
 -> (artifact id: '703b5a971e85ccf4c82a3eb4b2fbdfd4') in 0.015213 seconds
Number of updated asset objects reloaded before import = 0
Number of asset objects unloaded after import = 3
========================================================================
Received Import Request.
  Time since last request: 0.000363 seconds.
  path: Packages/com.unity.2d.tilemap/Editor/Icons/Tilemap.GridPaint@4x.png
  artifactKey: Guid(c54623997d885f6499655af6031a3bf9) Importer(815301076,1909f56bfc062723c751e8b465ee728b)
Start importing Packages/com.unity.2d.tilemap/Editor/Icons/Tilemap.GridPaint@4x.png using Guid(c54623997d885f6499655af6031a3bf9) Importer(815301076,1909f56bfc062723c751e8b465ee728b) [PhysX] Initialized MultithreadedTaskDispatcher with 24 workers.
[PhysX] Initialized MultithreadedTaskDispatcher with 24 workers.
 -> (artifact id: 'e8eec8579289c2a836bc49194d18782c') in 0.015734 seconds
Number of updated asset objects reloaded before import = 0
Number of asset objects unloaded after import = 3
========================================================================
Received Import Request.
  Time since last request: 0.145500 seconds.
  path: Packages/com.unity.2d.tilemap/Editor/Icons/Tilemap.ShowGrid@2x.png
  artifactKey: Guid(db1e8fc8f15be484bb9f866640b84c04) Importer(815301076,1909f56bfc062723c751e8b465ee728b)
Start importing Packages/com.unity.2d.tilemap/Editor/Icons/Tilemap.ShowGrid@2x.png using Guid(db1e8fc8f15be484bb9f866640b84c04) Importer(815301076,1909f56bfc062723c751e8b465ee728b) [PhysX] Initialized MultithreadedTaskDispatcher with 24 workers.
[PhysX] Initialized MultithreadedTaskDispatcher with 24 workers.
 -> (artifact id: 'eba42f0e8d637f0e4def45d9b01392f6') in 0.015899 seconds
Number of updated asset objects reloaded before import = 0
Number of asset objects unloaded after import = 3
========================================================================
Received Import Request.
  Time since last request: 0.005841 seconds.
  path: Packages/com.unity.2d.tilemap/Editor/Icons/Tilemap.ShowTilePalette@4x.png
  artifactKey: Guid(401e910567b72dd4abf58be9f7e0518b) Importer(815301076,1909f56bfc062723c751e8b465ee728b)
Start importing Packages/com.unity.2d.tilemap/Editor/Icons/Tilemap.ShowTilePalette@4x.png using Guid(401e910567b72dd4abf58be9f7e0518b) Importer(815301076,1909f56bfc062723c751e8b465ee728b) [PhysX] Initialized MultithreadedTaskDispatcher with 24 workers.
[PhysX] Initialized MultithreadedTaskDispatcher with 24 workers.
 -> (artifact id: '2f00810a56bf2f1094857de37397f4eb') in 0.012192 seconds
Number of updated asset objects reloaded before import = 0
Number of asset objects unloaded after import = 3
========================================================================
Received Import Request.
  Time since last request: 0.003000 seconds.
  path: Packages/com.unity.2d.tilemap/Editor/Icons/Tilemap.TilePalette@4x.png
  artifactKey: Guid(920ecfdb532776b4cb32b37e5bd9e6ff) Importer(815301076,1909f56bfc062723c751e8b465ee728b)
Start importing Packages/com.unity.2d.tilemap/Editor/Icons/Tilemap.TilePalette@4x.png using Guid(920ecfdb532776b4cb32b37e5bd9e6ff) Importer(815301076,1909f56bfc062723c751e8b465ee728b) [PhysX] Initialized MultithreadedTaskDispatcher with 24 workers.
[PhysX] Initialized MultithreadedTaskDispatcher with 24 workers.
 -> (artifact id: '69cfcd2046f42ea5a70c0f4732fea85a') in 0.012773 seconds
Number of updated asset objects reloaded before import = 0
Number of asset objects unloaded after import = 3
========================================================================
Received Import Request.
  Time since last request: 0.129873 seconds.
  path: Packages/com.unity.timeline/Editor/StyleSheets/Images/LightSkin/TimelineActivation.png
  artifactKey: Guid(2887294cc7f1fe840bff6e349409648d) Importer(815301076,1909f56bfc062723c751e8b465ee728b)
Start importing Packages/com.unity.timeline/Editor/StyleSheets/Images/LightSkin/TimelineActivation.png using Guid(2887294cc7f1fe840bff6e349409648d) Importer(815301076,1909f56bfc062723c751e8b465ee728b) [PhysX] Initialized MultithreadedTaskDispatcher with 24 workers.
[PhysX] Initialized MultithreadedTaskDispatcher with 24 workers.
 -> (artifact id: '8bebbf5f1c72422046992d11d039712a') in 0.011583 seconds
Number of updated asset objects reloaded before import = 0
Number of asset objects unloaded after import = 2
========================================================================
Received Import Request.
  Time since last request: 0.003864 seconds.
  path: Packages/com.unity.timeline/Editor/StyleSheets/Images/DarkSkin/TimelineAutokey@2x.png
  artifactKey: Guid(af24c542434a025448222d576f61a956) Importer(815301076,1909f56bfc062723c751e8b465ee728b)
Start importing Packages/com.unity.timeline/Editor/StyleSheets/Images/DarkSkin/TimelineAutokey@2x.png using Guid(af24c542434a025448222d576f61a956) Importer(815301076,1909f56bfc062723c751e8b465ee728b) [PhysX] Initialized MultithreadedTaskDispatcher with 24 workers.
[PhysX] Initialized MultithreadedTaskDispatcher with 24 workers.
 -> (artifact id: '0bcd43d7ec23b6cc3bdadaa5b7c5f39f') in 0.009889 seconds
Number of updated asset objects reloaded before import = 0
Number of asset objects unloaded after import = 2
========================================================================
Received Import Request.
  Time since last request: 0.010736 seconds.
  path: Packages/com.unity.timeline/Editor/StyleSheets/Images/DarkSkin/TimelineAutokey_active@2x.png
  artifactKey: Guid(183f7b7549219ab47becb461a16df882) Importer(815301076,1909f56bfc062723c751e8b465ee728b)
Start importing Packages/com.unity.timeline/Editor/StyleSheets/Images/DarkSkin/TimelineAutokey_active@2x.png using Guid(183f7b7549219ab47becb461a16df882) Importer(815301076,1909f56bfc062723c751e8b465ee728b) [PhysX] Initialized MultithreadedTaskDispatcher with 24 workers.
[PhysX] Initialized MultithreadedTaskDispatcher with 24 workers.
 -> (artifact id: 'd2a03de27cc6a190d9ce8238c85b2d33') in 0.005707 seconds
Number of updated asset objects reloaded before import = 0
Number of asset objects unloaded after import = 2
========================================================================
Received Import Request.
  Time since last request: 0.003619 seconds.
  path: Packages/com.unity.timeline/Editor/StyleSheets/Images/Shared/TimelineBottomShadow.png
  artifactKey: Guid(db66ea47c76423f4a881937d34495801) Importer(815301076,1909f56bfc062723c751e8b465ee728b)
Start importing Packages/com.unity.timeline/Editor/StyleSheets/Images/Shared/TimelineBottomShadow.png using Guid(db66ea47c76423f4a881937d34495801) Importer(815301076,1909f56bfc062723c751e8b465ee728b) [PhysX] Initialized MultithreadedTaskDispatcher with 24 workers.
[PhysX] Initialized MultithreadedTaskDispatcher with 24 workers.
 -> (artifact id: 'e4959ae16158cd141cb72d79481595ea') in 0.010858 seconds
Number of updated asset objects reloaded before import = 0
Number of asset objects unloaded after import = 2
========================================================================
Received Import Request.
  Time since last request: 0.065438 seconds.
  path: Packages/com.unity.timeline/Editor/StyleSheets/Images/Icons/TimelineClipFG.png
  artifactKey: Guid(33b1871a2d09cfa459a93f4e8feb5c41) Importer(815301076,1909f56bfc062723c751e8b465ee728b)
Start importing Packages/com.unity.timeline/Editor/StyleSheets/Images/Icons/TimelineClipFG.png using Guid(33b1871a2d09cfa459a93f4e8feb5c41) Importer(815301076,1909f56bfc062723c751e8b465ee728b) [PhysX] Initialized MultithreadedTaskDispatcher with 24 workers.
[PhysX] Initialized MultithreadedTaskDispatcher with 24 workers.
 -> (artifact id: '53aa29423b70f94e0d49c92c316f1639') in 0.011229 seconds
Number of updated asset objects reloaded before import = 0
Number of asset objects unloaded after import = 2
========================================================================
Received Import Request.
  Time since last request: 0.005333 seconds.
  path: Packages/com.unity.timeline/Editor/StyleSheets/Images/Shared/TimelineConnector.png
  artifactKey: Guid(a04f1625bf500f64e97445265dfbcc93) Importer(815301076,1909f56bfc062723c751e8b465ee728b)
Start importing Packages/com.unity.timeline/Editor/StyleSheets/Images/Shared/TimelineConnector.png using Guid(a04f1625bf500f64e97445265dfbcc93) Importer(815301076,1909f56bfc062723c751e8b465ee728b) [PhysX] Initialized MultithreadedTaskDispatcher with 24 workers.
[PhysX] Initialized MultithreadedTaskDispatcher with 24 workers.
 -> (artifact id: '18ea6a3c8c17ce3dfc87f084ed3f1cee') in 0.010873 seconds
Number of updated asset objects reloaded before import = 0
Number of asset objects unloaded after import = 2
========================================================================
Received Import Request.
  Time since last request: 0.003807 seconds.
  path: Packages/com.unity.timeline/Editor/StyleSheets/Images/Icons/TimelineDigIn.png
  artifactKey: Guid(b1d064d6d80829f4eb370f679384ea1f) Importer(815301076,1909f56bfc062723c751e8b465ee728b)
Start importing Packages/com.unity.timeline/Editor/StyleSheets/Images/Icons/TimelineDigIn.png using Guid(b1d064d6d80829f4eb370f679384ea1f) Importer(815301076,1909f56bfc062723c751e8b465ee728b) [PhysX] Initialized MultithreadedTaskDispatcher with 24 workers.
[PhysX] Initialized MultithreadedTaskDispatcher with 24 workers.
 -> (artifact id: 'ea3167cf0917028aa9493a09132d529c') in 0.010640 seconds
Number of updated asset objects reloaded before import = 0
Number of asset objects unloaded after import = 2
========================================================================
Received Import Request.
  Time since last request: 0.004790 seconds.
  path: Packages/com.unity.timeline/Editor/StyleSheets/Images/Shared/TimelineDisplay.png
  artifactKey: Guid(03ae22b9de3989144a9bebf8972b4fad) Importer(815301076,1909f56bfc062723c751e8b465ee728b)
Start importing Packages/com.unity.timeline/Editor/StyleSheets/Images/Shared/TimelineDisplay.png using Guid(03ae22b9de3989144a9bebf8972b4fad) Importer(815301076,1909f56bfc062723c751e8b465ee728b) [PhysX] Initialized MultithreadedTaskDispatcher with 24 workers.
[PhysX] Initialized MultithreadedTaskDispatcher with 24 workers.
 -> (artifact id: 'ba521281f5c58b28c1ddd4798ba6b000') in 0.011824 seconds
Number of updated asset objects reloaded before import = 0
Number of asset objects unloaded after import = 2
========================================================================
Received Import Request.
  Time since last request: 0.022958 seconds.
  path: Packages/com.unity.timeline/Editor/StyleSheets/Images/Icons/TimelineEditModeMixON.png
  artifactKey: Guid(a82846d41464fcf4b962ebdc815963f5) Importer(815301076,1909f56bfc062723c751e8b465ee728b)
Start importing Packages/com.unity.timeline/Editor/StyleSheets/Images/Icons/TimelineEditModeMixON.png using Guid(a82846d41464fcf4b962ebdc815963f5) Importer(815301076,1909f56bfc062723c751e8b465ee728b) [PhysX] Initialized MultithreadedTaskDispatcher with 24 workers.
[PhysX] Initialized MultithreadedTaskDispatcher with 24 workers.
 -> (artifact id: '7771d1d303ac7e90f3ec70ebda53f7ee') in 0.011537 seconds
Number of updated asset objects reloaded before import = 0
Number of asset objects unloaded after import = 2
========================================================================
Received Import Request.
  Time since last request: 0.003720 seconds.
  path: Packages/com.unity.timeline/Editor/StyleSheets/Images/Icons/TimelineEditModeRippleOFF.png
  artifactKey: Guid(bd7b7cac6eb0c3f469781d9a729a1c94) Importer(815301076,1909f56bfc062723c751e8b465ee728b)
Start importing Packages/com.unity.timeline/Editor/StyleSheets/Images/Icons/TimelineEditModeRippleOFF.png using Guid(bd7b7cac6eb0c3f469781d9a729a1c94) Importer(815301076,1909f56bfc062723c751e8b465ee728b) [PhysX] Initialized MultithreadedTaskDispatcher with 24 workers.
[PhysX] Initialized MultithreadedTaskDispatcher with 24 workers.
 -> (artifact id: 'cf7716717a090d5cb0d929807d21e573') in 0.010889 seconds
Number of updated asset objects reloaded before import = 0
Number of asset objects unloaded after import = 2
========================================================================
Received Import Request.
  Time since last request: 0.003428 seconds.
  path: Packages/com.unity.timeline/Editor/StyleSheets/Images/LightSkin/TimelineEndPlayback.png
  artifactKey: Guid(6952cd3b0f88917449a8fa4d19fc5009) Importer(815301076,1909f56bfc062723c751e8b465ee728b)
Start importing Packages/com.unity.timeline/Editor/StyleSheets/Images/LightSkin/TimelineEndPlayback.png using Guid(6952cd3b0f88917449a8fa4d19fc5009) Importer(815301076,1909f56bfc062723c751e8b465ee728b) [PhysX] Initialized MultithreadedTaskDispatcher with 24 workers.
[PhysX] Initialized MultithreadedTaskDispatcher with 24 workers.
 -> (artifact id: '288677414d350ad2c3445e97f8301809') in 0.010826 seconds
Number of updated asset objects reloaded before import = 0
Number of asset objects unloaded after import = 2
========================================================================
Received Import Request.
  Time since last request: 0.004895 seconds.
  path: Packages/com.unity.timeline/Editor/StyleSheets/Images/LightSkin/TimelineHold.png
  artifactKey: Guid(a09fd8b5d9396c24a96a6de50cddc3b9) Importer(815301076,1909f56bfc062723c751e8b465ee728b)
Start importing Packages/com.unity.timeline/Editor/StyleSheets/Images/LightSkin/TimelineHold.png using Guid(a09fd8b5d9396c24a96a6de50cddc3b9) Importer(815301076,1909f56bfc062723c751e8b465ee728b) [PhysX] Initialized MultithreadedTaskDispatcher with 24 workers.
[PhysX] Initialized MultithreadedTaskDispatcher with 24 workers.
 -> (artifact id: 'b96e006f8fe6e60dfcbe9b02d92a815d') in 0.011993 seconds
Number of updated asset objects reloaded before import = 0
Number of asset objects unloaded after import = 2
========================================================================
Received Import Request.
  Time since last request: 0.054621 seconds.
  path: Packages/com.unity.timeline/Editor/StyleSheets/Images/LightSkin/TimelineIconClipIn.png
  artifactKey: Guid(4171b549947246b4f9579419d5698a7e) Importer(815301076,1909f56bfc062723c751e8b465ee728b)
Start importing Packages/com.unity.timeline/Editor/StyleSheets/Images/LightSkin/TimelineIconClipIn.png using Guid(4171b549947246b4f9579419d5698a7e) Importer(815301076,1909f56bfc062723c751e8b465ee728b) [PhysX] Initialized MultithreadedTaskDispatcher with 24 workers.
[PhysX] Initialized MultithreadedTaskDispatcher with 24 workers.
 -> (artifact id: 'a07f25d821c493f90b5ff96b9f826e06') in 0.012143 seconds
Number of updated asset objects reloaded before import = 0
Number of asset objects unloaded after import = 2
========================================================================
Received Import Request.
  Time since last request: 0.004196 seconds.
  path: Packages/com.unity.timeline/Editor/StyleSheets/Images/LightSkin/TimelineIconClipOut.png
  artifactKey: Guid(a7a968b204ed77c4ba90be3ef3ee8551) Importer(815301076,1909f56bfc062723c751e8b465ee728b)
Start importing Packages/com.unity.timeline/Editor/StyleSheets/Images/LightSkin/TimelineIconClipOut.png using Guid(a7a968b204ed77c4ba90be3ef3ee8551) Importer(815301076,1909f56bfc062723c751e8b465ee728b) [PhysX] Initialized MultithreadedTaskDispatcher with 24 workers.
[PhysX] Initialized MultithreadedTaskDispatcher with 24 workers.
 -> (artifact id: '6fcc41f96f9523320fa94888f796b586') in 0.010633 seconds
Number of updated asset objects reloaded before import = 0
Number of asset objects unloaded after import = 2
========================================================================
Received Import Request.
  Time since last request: 0.004435 seconds.
  path: Packages/com.unity.timeline/Editor/StyleSheets/Images/DarkSkin/TimelineKeyframe.png
  artifactKey: Guid(8eba099eb091faf419fecdcd5cdabfd7) Importer(815301076,1909f56bfc062723c751e8b465ee728b)
Start importing Packages/com.unity.timeline/Editor/StyleSheets/Images/DarkSkin/TimelineKeyframe.png using Guid(8eba099eb091faf419fecdcd5cdabfd7) Importer(815301076,1909f56bfc062723c751e8b465ee728b) [PhysX] Initialized MultithreadedTaskDispatcher with 24 workers.
[PhysX] Initialized MultithreadedTaskDispatcher with 24 workers.
 -> (artifact id: 'c154a50286e91857bc5237353fcd5765') in 0.010538 seconds
Number of updated asset objects reloaded before import = 0
Number of asset objects unloaded after import = 2
========================================================================
Received Import Request.
  Time since last request: 0.005720 seconds.
  path: Packages/com.unity.timeline/Editor/StyleSheets/Images/DarkSkin/TimelineLoop.png
  artifactKey: Guid(360dded8761e81d4d98c10f469d55492) Importer(815301076,1909f56bfc062723c751e8b465ee728b)
Start importing Packages/com.unity.timeline/Editor/StyleSheets/Images/DarkSkin/TimelineLoop.png using Guid(360dded8761e81d4d98c10f469d55492) Importer(815301076,1909f56bfc062723c751e8b465ee728b) [PhysX] Initialized MultithreadedTaskDispatcher with 24 workers.
[PhysX] Initialized MultithreadedTaskDispatcher with 24 workers.
 -> (artifact id: 'bc1625edb08a6977a4787e5ca5c7f796') in 0.010476 seconds
Number of updated asset objects reloaded before import = 0
Number of asset objects unloaded after import = 2
========================================================================
Received Import Request.
  Time since last request: 0.045406 seconds.
  path: Packages/com.unity.timeline/Editor/StyleSheets/Images/DarkSkin/TimelineMarkerItem.png
  artifactKey: Guid(c133595e3c100774496e03e66fa69259) Importer(815301076,1909f56bfc062723c751e8b465ee728b)
Start importing Packages/com.unity.timeline/Editor/StyleSheets/Images/DarkSkin/TimelineMarkerItem.png using Guid(c133595e3c100774496e03e66fa69259) Importer(815301076,1909f56bfc062723c751e8b465ee728b) [PhysX] Initialized MultithreadedTaskDispatcher with 24 workers.
[PhysX] Initialized MultithreadedTaskDispatcher with 24 workers.
 -> (artifact id: '7fe4b6310074ba0671956ab74578a6ee') in 0.010410 seconds
Number of updated asset objects reloaded before import = 0
Number of asset objects unloaded after import = 2
========================================================================
Received Import Request.
  Time since last request: 0.005535 seconds.
  path: Packages/com.unity.timeline/Editor/StyleSheets/Images/LightSkin/TimelineMarkerItemSelected.png
  artifactKey: Guid(b6e9dc9aad5843748a0124b8925c3743) Importer(815301076,1909f56bfc062723c751e8b465ee728b)
Start importing Packages/com.unity.timeline/Editor/StyleSheets/Images/LightSkin/TimelineMarkerItemSelected.png using Guid(b6e9dc9aad5843748a0124b8925c3743) Importer(815301076,1909f56bfc062723c751e8b465ee728b) [PhysX] Initialized MultithreadedTaskDispatcher with 24 workers.
[PhysX] Initialized MultithreadedTaskDispatcher with 24 workers.
 -> (artifact id: 'b3651810e748929ddddb90423176b5f8') in 0.010150 seconds
Number of updated asset objects reloaded before import = 0
Number of asset objects unloaded after import = 2
========================================================================
Received Import Request.
  Time since last request: 0.006020 seconds.
  path: Packages/com.unity.timeline/Editor/StyleSheets/Images/DarkSkin/TimelinePingPong.png
  artifactKey: Guid(d3b5c4f7d6b94f64085b3713bffa680e) Importer(815301076,1909f56bfc062723c751e8b465ee728b)
Start importing Packages/com.unity.timeline/Editor/StyleSheets/Images/DarkSkin/TimelinePingPong.png using Guid(d3b5c4f7d6b94f64085b3713bffa680e) Importer(815301076,1909f56bfc062723c751e8b465ee728b) [PhysX] Initialized MultithreadedTaskDispatcher with 24 workers.
[PhysX] Initialized MultithreadedTaskDispatcher with 24 workers.
 -> (artifact id: '8fdd895d76e497ed2612771c54b4b3c8') in 0.011276 seconds
Number of updated asset objects reloaded before import = 0
Number of asset objects unloaded after import = 2
========================================================================
Received Import Request.
  Time since last request: 0.004295 seconds.
  path: Packages/com.unity.timeline/Editor/StyleSheets/Images/DarkSkin/TimelinePlayRange.png
  artifactKey: Guid(43eeff8a446b32242a4fb1a5c1bd7b8e) Importer(815301076,1909f56bfc062723c751e8b465ee728b)
Start importing Packages/com.unity.timeline/Editor/StyleSheets/Images/DarkSkin/TimelinePlayRange.png using Guid(43eeff8a446b32242a4fb1a5c1bd7b8e) Importer(815301076,1909f56bfc062723c751e8b465ee728b) [PhysX] Initialized MultithreadedTaskDispatcher with 24 workers.
[PhysX] Initialized MultithreadedTaskDispatcher with 24 workers.
 -> (artifact id: 'aae7c96392c42797fbf75755c323c676') in 0.011594 seconds
Number of updated asset objects reloaded before import = 0
Number of asset objects unloaded after import = 2
========================================================================
Received Import Request.
  Time since last request: 0.024445 seconds.
  path: Packages/com.unity.timeline/Editor/StyleSheets/Images/Shared/TimelineSeqEnd.png
  artifactKey: Guid(5dfe66e61e0d270468ae75349ff3a3eb) Importer(815301076,1909f56bfc062723c751e8b465ee728b)
Start importing Packages/com.unity.timeline/Editor/StyleSheets/Images/Shared/TimelineSeqEnd.png using Guid(5dfe66e61e0d270468ae75349ff3a3eb) Importer(815301076,1909f56bfc062723c751e8b465ee728b) [PhysX] Initialized MultithreadedTaskDispatcher with 24 workers.
[PhysX] Initialized MultithreadedTaskDispatcher with 24 workers.
 -> (artifact id: '943ea4867be651b653180cea7b37925a') in 0.010062 seconds
Number of updated asset objects reloaded before import = 0
Number of asset objects unloaded after import = 2
========================================================================
Received Import Request.
  Time since last request: 0.005032 seconds.
  path: Packages/com.unity.timeline/Editor/StyleSheets/Images/LightSkin/TimelineSignalCollapsed.png
  artifactKey: Guid(a88fa20ed164bbe4da6bf533f94a3113) Importer(815301076,1909f56bfc062723c751e8b465ee728b)
Start importing Packages/com.unity.timeline/Editor/StyleSheets/Images/LightSkin/TimelineSignalCollapsed.png using Guid(a88fa20ed164bbe4da6bf533f94a3113) Importer(815301076,1909f56bfc062723c751e8b465ee728b) [PhysX] Initialized MultithreadedTaskDispatcher with 24 workers.
[PhysX] Initialized MultithreadedTaskDispatcher with 24 workers.
 -> (artifact id: '97a0ba446efdd3cd0d453a4745f2b1c2') in 0.010406 seconds
Number of updated asset objects reloaded before import = 0
Number of asset objects unloaded after import = 2
========================================================================
Received Import Request.
  Time since last request: 0.004874 seconds.
  path: Packages/com.unity.timeline/Editor/StyleSheets/Images/DarkSkin/TimelineStartPlayback.png
  artifactKey: Guid(5060c9f9eb2f7ee4695b638a21d8fe01) Importer(815301076,1909f56bfc062723c751e8b465ee728b)
Start importing Packages/com.unity.timeline/Editor/StyleSheets/Images/DarkSkin/TimelineStartPlayback.png using Guid(5060c9f9eb2f7ee4695b638a21d8fe01) Importer(815301076,1909f56bfc062723c751e8b465ee728b) [PhysX] Initialized MultithreadedTaskDispatcher with 24 workers.
[PhysX] Initialized MultithreadedTaskDispatcher with 24 workers.
 -> (artifact id: 'f5e898cb73e31bd81cd202a66172eeab') in 0.010175 seconds
Number of updated asset objects reloaded before import = 0
Number of asset objects unloaded after import = 2
========================================================================
Received Import Request.
  Time since last request: 0.005867 seconds.
  path: Packages/com.unity.timeline/Editor/StyleSheets/Images/DarkSkin/TimelineTimeCursor.png
  artifactKey: Guid(3b9e9b3d9ade166499e7a17109ca73bf) Importer(815301076,1909f56bfc062723c751e8b465ee728b)
Start importing Packages/com.unity.timeline/Editor/StyleSheets/Images/DarkSkin/TimelineTimeCursor.png using Guid(3b9e9b3d9ade166499e7a17109ca73bf) Importer(815301076,1909f56bfc062723c751e8b465ee728b) [PhysX] Initialized MultithreadedTaskDispatcher with 24 workers.
[PhysX] Initialized MultithreadedTaskDispatcher with 24 workers.
 -> (artifact id: '6ddddd2a0e38eea03d5bad7b7e01fb80') in 0.011449 seconds
Number of updated asset objects reloaded before import = 0
Number of asset objects unloaded after import = 2
========================================================================
Received Import Request.
  Time since last request: 0.022650 seconds.
  path: Packages/com.unity.timeline/Editor/StyleSheets/Images/Shared/TimelineWarning.png
  artifactKey: Guid(1732e542f535d374bbfa7565fc78414e) Importer(815301076,1909f56bfc062723c751e8b465ee728b)
Start importing Packages/com.unity.timeline/Editor/StyleSheets/Images/Shared/TimelineWarning.png using Guid(1732e542f535d374bbfa7565fc78414e) Importer(815301076,1909f56bfc062723c751e8b465ee728b) [PhysX] Initialized MultithreadedTaskDispatcher with 24 workers.
[PhysX] Initialized MultithreadedTaskDispatcher with 24 workers.
 -> (artifact id: '38a2bf24338b29b76323880436263e04') in 0.013154 seconds
Number of updated asset objects reloaded before import = 0
Number of asset objects unloaded after import = 2
========================================================================
Received Import Request.
  Time since last request: 0.000024 seconds.
  path: Packages/com.unity.services.core/Editor/Core/UiHelpers/Images/ToggleOn.png
  artifactKey: Guid(e97f44a089f144758b462da41bc96973) Importer(815301076,1909f56bfc062723c751e8b465ee728b)
Start importing Packages/com.unity.services.core/Editor/Core/UiHelpers/Images/ToggleOn.png using Guid(e97f44a089f144758b462da41bc96973) Importer(815301076,1909f56bfc062723c751e8b465ee728b) [PhysX] Initialized MultithreadedTaskDispatcher with 24 workers.
[PhysX] Initialized MultithreadedTaskDispatcher with 24 workers.
 -> (artifact id: '1fa49ae224591f02ca1602e2f802fc4f') in 0.011533 seconds
Number of updated asset objects reloaded before import = 0
Number of asset objects unloaded after import = 2
========================================================================
Received Import Request.
  Time since last request: 0.056395 seconds.
  path: Packages/com.unity.probuilder/Content/Icons/Tools/ShapeTool/on/Torus@2x.png
  artifactKey: Guid(9376ddfac7325884ca81430cfe1a6714) Importer(815301076,1909f56bfc062723c751e8b465ee728b)
Start importing Packages/com.unity.probuilder/Content/Icons/Tools/ShapeTool/on/Torus@2x.png using Guid(9376ddfac7325884ca81430cfe1a6714) Importer(815301076,1909f56bfc062723c751e8b465ee728b) [PhysX] Initialized MultithreadedTaskDispatcher with 24 workers.
[PhysX] Initialized MultithreadedTaskDispatcher with 24 workers.
 -> (artifact id: '8474212ece1d67defd40ad86319e02d5') in 0.011679 seconds
Number of updated asset objects reloaded before import = 0
Number of asset objects unloaded after import = 2
========================================================================
Received Import Request.
  Time since last request: 0.003328 seconds.
  path: Packages/com.unity.inputsystem/InputSystem/Editor/Icons/Touch.png
  artifactKey: Guid(588041e6f0efb43489b38677e0aac58f) Importer(815301076,1909f56bfc062723c751e8b465ee728b)
Start importing Packages/com.unity.inputsystem/InputSystem/Editor/Icons/Touch.png using Guid(588041e6f0efb43489b38677e0aac58f) Importer(815301076,1909f56bfc062723c751e8b465ee728b) [PhysX] Initialized MultithreadedTaskDispatcher with 24 workers.
[PhysX] Initialized MultithreadedTaskDispatcher with 24 workers.
 -> (artifact id: 'af39612925e2f91935c85143a392d23a') in 0.010797 seconds
Number of updated asset objects reloaded before import = 0
Number of asset objects unloaded after import = 2
========================================================================
Received Import Request.
  Time since last request: 0.004818 seconds.
  path: Packages/com.unity.inputsystem/InputSystem/Editor/Icons/Touch@4x.png
  artifactKey: Guid(6e9283a12f5b74afbba696cbb82f5e7f) Importer(815301076,1909f56bfc062723c751e8b465ee728b)
Start importing Packages/com.unity.inputsystem/InputSystem/Editor/Icons/Touch@4x.png using Guid(6e9283a12f5b74afbba696cbb82f5e7f) Importer(815301076,1909f56bfc062723c751e8b465ee728b) [PhysX] Initialized MultithreadedTaskDispatcher with 24 workers.
[PhysX] Initialized MultithreadedTaskDispatcher with 24 workers.
 -> (artifact id: 'f81e7c8fea41664ff9bb239128a2c7fc') in 0.011564 seconds
Number of updated asset objects reloaded before import = 0
Number of asset objects unloaded after import = 2
========================================================================
Received Import Request.
  Time since last request: 0.003221 seconds.
  path: Packages/com.unity.timeline/Editor/StyleSheets/Images/Icons/TrackAvatarButtonEnabled.png
  artifactKey: Guid(4bf6507f1346b2746a35384f6a5fd5f9) Importer(815301076,1909f56bfc062723c751e8b465ee728b)
Start importing Packages/com.unity.timeline/Editor/StyleSheets/Images/Icons/TrackAvatarButtonEnabled.png using Guid(4bf6507f1346b2746a35384f6a5fd5f9) Importer(815301076,1909f56bfc062723c751e8b465ee728b) [PhysX] Initialized MultithreadedTaskDispatcher with 24 workers.
[PhysX] Initialized MultithreadedTaskDispatcher with 24 workers.
 -> (artifact id: '84ba4885b5460c08cc5393af1868216c') in 0.012729 seconds
Number of updated asset objects reloaded before import = 0
Number of asset objects unloaded after import = 2
========================================================================
Received Import Request.
  Time since last request: 0.139516 seconds.
  path: Packages/com.unity.timeline/Editor/StyleSheets/Images/Icons/TrackCurvesButtonDisabled.png
  artifactKey: Guid(f0f8ff8921b22a74a8c79d955ace248d) Importer(815301076,1909f56bfc062723c751e8b465ee728b)
Start importing Packages/com.unity.timeline/Editor/StyleSheets/Images/Icons/TrackCurvesButtonDisabled.png using Guid(f0f8ff8921b22a74a8c79d955ace248d) Importer(815301076,1909f56bfc062723c751e8b465ee728b) [PhysX] Initialized MultithreadedTaskDispatcher with 24 workers.
[PhysX] Initialized MultithreadedTaskDispatcher with 24 workers.
 -> (artifact id: 'ba6d07b500a30f40039cadb3510a15f9') in 0.010253 seconds
Number of updated asset objects reloaded before import = 0
Number of asset objects unloaded after import = 2
========================================================================
Received Import Request.
  Time since last request: 0.005616 seconds.
  path: Packages/com.unity.timeline/Editor/StyleSheets/Images/Icons/TrackCurvesButtonEnabled@2x.png
  artifactKey: Guid(9e541b6dcfb77d34481f69b3d62d0343) Importer(815301076,1909f56bfc062723c751e8b465ee728b)
Start importing Packages/com.unity.timeline/Editor/StyleSheets/Images/Icons/TrackCurvesButtonEnabled@2x.png using Guid(9e541b6dcfb77d34481f69b3d62d0343) Importer(815301076,1909f56bfc062723c751e8b465ee728b) [PhysX] Initialized MultithreadedTaskDispatcher with 24 workers.
[PhysX] Initialized MultithreadedTaskDispatcher with 24 workers.
 -> (artifact id: '7ae05fef8bcf4628052f1c6cc98821f3') in 0.013475 seconds
Number of updated asset objects reloaded before import = 0
Number of asset objects unloaded after import = 2
========================================================================
Received Import Request.
  Time since last request: 0.009714 seconds.
  path: Packages/com.unity.inputsystem/InputSystem/Editor/Icons/TrackedPoseDriver@2x.png
  artifactKey: Guid(ff8479815905ce84e9ef610d926f28c8) Importer(815301076,1909f56bfc062723c751e8b465ee728b)
Start importing Packages/com.unity.inputsystem/InputSystem/Editor/Icons/TrackedPoseDriver@2x.png using Guid(ff8479815905ce84e9ef610d926f28c8) Importer(815301076,1909f56bfc062723c751e8b465ee728b) [PhysX] Initialized MultithreadedTaskDispatcher with 24 workers.
[PhysX] Initialized MultithreadedTaskDispatcher with 24 workers.
 -> (artifact id: 'c03ee5c95dc3799be67f7cfd03cd902a') in 0.010686 seconds
Number of updated asset objects reloaded before import = 0
Number of asset objects unloaded after import = 2
========================================================================
Received Import Request.
  Time since last request: 0.084341 seconds.
  path: Packages/com.unity.timeline/Editor/StyleSheets/Images/Icons/TrackLockButtonDisabled.png
  artifactKey: Guid(fef7487d8b06bba408f70354e2463ce4) Importer(815301076,1909f56bfc062723c751e8b465ee728b)
Start importing Packages/com.unity.timeline/Editor/StyleSheets/Images/Icons/TrackLockButtonDisabled.png using Guid(fef7487d8b06bba408f70354e2463ce4) Importer(815301076,1909f56bfc062723c751e8b465ee728b) [PhysX] Initialized MultithreadedTaskDispatcher with 24 workers.
[PhysX] Initialized MultithreadedTaskDispatcher with 24 workers.
 -> (artifact id: '7e0dd716a7633ebf160ff41b241ffb4a') in 0.012549 seconds
Number of updated asset objects reloaded before import = 0
Number of asset objects unloaded after import = 2
========================================================================
Received Import Request.
  Time since last request: 0.005676 seconds.
  path: Packages/com.unity.timeline/Editor/StyleSheets/Images/Icons/TrackLockButtonEnabled@2x.png
  artifactKey: Guid(b8c531b4e51e4994a81837c4e9b0d649) Importer(815301076,1909f56bfc062723c751e8b465ee728b)
Start importing Packages/com.unity.timeline/Editor/StyleSheets/Images/Icons/TrackLockButtonEnabled@2x.png using Guid(b8c531b4e51e4994a81837c4e9b0d649) Importer(815301076,1909f56bfc062723c751e8b465ee728b) [PhysX] Initialized MultithreadedTaskDispatcher with 24 workers.
[PhysX] Initialized MultithreadedTaskDispatcher with 24 workers.
 -> (artifact id: '30bd15d222119e61ddad66d6d38a5660') in 0.013560 seconds
Number of updated asset objects reloaded before import = 0
Number of asset objects unloaded after import = 2
========================================================================
Received Import Request.
  Time since last request: 0.002401 seconds.
  path: Packages/com.unity.timeline/Editor/StyleSheets/Images/Icons/TrackMarkerButtonDisabled@2x.png
  artifactKey: Guid(193dae938a3136440b693b45a2494737) Importer(815301076,1909f56bfc062723c751e8b465ee728b)
Start importing Packages/com.unity.timeline/Editor/StyleSheets/Images/Icons/TrackMarkerButtonDisabled@2x.png using Guid(193dae938a3136440b693b45a2494737) Importer(815301076,1909f56bfc062723c751e8b465ee728b) [PhysX] Initialized MultithreadedTaskDispatcher with 24 workers.
[PhysX] Initialized MultithreadedTaskDispatcher with 24 workers.
 -> (artifact id: '95ad046c70b283077ee526b37c0b5570') in 0.009446 seconds
Number of updated asset objects reloaded before import = 0
Number of asset objects unloaded after import = 2
========================================================================
Received Import Request.
  Time since last request: 0.004378 seconds.
  path: Packages/com.unity.timeline/Editor/StyleSheets/Images/Icons/TrackMarkerButtonEnabled@2x.png
  artifactKey: Guid(c35a22ede3f5feb488bf69587ddc36ed) Importer(815301076,1909f56bfc062723c751e8b465ee728b)
Start importing Packages/com.unity.timeline/Editor/StyleSheets/Images/Icons/TrackMarkerButtonEnabled@2x.png using Guid(c35a22ede3f5feb488bf69587ddc36ed) Importer(815301076,1909f56bfc062723c751e8b465ee728b) [PhysX] Initialized MultithreadedTaskDispatcher with 24 workers.
[PhysX] Initialized MultithreadedTaskDispatcher with 24 workers.
 -> (artifact id: '9043d07599fd454746e0cfbdcbe27b82') in 0.009672 seconds
Number of updated asset objects reloaded before import = 0
Number of asset objects unloaded after import = 2
========================================================================
Received Import Request.
  Time since last request: 0.000547 seconds.
  path: Packages/com.unity.timeline/Editor/StyleSheets/Images/Icons/TrackMuteButtonDisabled@2x.png
  artifactKey: Guid(db31466324572e740a431e4e0e03a016) Importer(815301076,1909f56bfc062723c751e8b465ee728b)
Start importing Packages/com.unity.timeline/Editor/StyleSheets/Images/Icons/TrackMuteButtonDisabled@2x.png using Guid(db31466324572e740a431e4e0e03a016) Importer(815301076,1909f56bfc062723c751e8b465ee728b) [PhysX] Initialized MultithreadedTaskDispatcher with 24 workers.
[PhysX] Initialized MultithreadedTaskDispatcher with 24 workers.
 -> (artifact id: 'dd193f5d329c8926adc4f6843954dc0d') in 0.011551 seconds
Number of updated asset objects reloaded before import = 0
Number of asset objects unloaded after import = 2
========================================================================
Received Import Request.
  Time since last request: 0.042337 seconds.
  path: Packages/com.unity.timeline/Editor/StyleSheets/Images/Icons/TrackMuteButtonEnabled@2x.png
  artifactKey: Guid(512aaee9b220348408a2e518f98d6e14) Importer(815301076,1909f56bfc062723c751e8b465ee728b)
Start importing Packages/com.unity.timeline/Editor/StyleSheets/Images/Icons/TrackMuteButtonEnabled@2x.png using Guid(512aaee9b220348408a2e518f98d6e14) Importer(815301076,1909f56bfc062723c751e8b465ee728b) [PhysX] Initialized MultithreadedTaskDispatcher with 24 workers.
[PhysX] Initialized MultithreadedTaskDispatcher with 24 workers.
 -> (artifact id: 'bf3026425cb60138113fc950b9ffccbf') in 0.011225 seconds
Number of updated asset objects reloaded before import = 0
Number of asset objects unloaded after import = 2
========================================================================
Received Import Request.
  Time since last request: 0.005110 seconds.
  path: Packages/com.unity.timeline/Editor/StyleSheets/Images/Icons/TrackRecordButtonEnabled.png
  artifactKey: Guid(c6a0c6226c05f954fa6cd03aebb4d255) Importer(815301076,1909f56bfc062723c751e8b465ee728b)
Start importing Packages/com.unity.timeline/Editor/StyleSheets/Images/Icons/TrackRecordButtonEnabled.png using Guid(c6a0c6226c05f954fa6cd03aebb4d255) Importer(815301076,1909f56bfc062723c751e8b465ee728b) [PhysX] Initialized MultithreadedTaskDispatcher with 24 workers.
[PhysX] Initialized MultithreadedTaskDispatcher with 24 workers.
 -> (artifact id: 'fa56971d370d1073b3ed7acb40c7130d') in 0.009944 seconds
Number of updated asset objects reloaded before import = 0
Number of asset objects unloaded after import = 2
========================================================================
Received Import Request.
  Time since last request: 0.006016 seconds.
  path: Packages/com.unity.probuilder/Content/Icons/Toolbar/Vert_Collapse.png
  artifactKey: Guid(212f6e5b4677e4aef89ab69f35bfd49b) Importer(815301076,1909f56bfc062723c751e8b465ee728b)
Start importing Packages/com.unity.probuilder/Content/Icons/Toolbar/Vert_Collapse.png using Guid(212f6e5b4677e4aef89ab69f35bfd49b) Importer(815301076,1909f56bfc062723c751e8b465ee728b) [PhysX] Initialized MultithreadedTaskDispatcher with 24 workers.
[PhysX] Initialized MultithreadedTaskDispatcher with 24 workers.
 -> (artifact id: 'bb5dbbdc051deb96922e6631eab3c03a') in 0.011652 seconds
Number of updated asset objects reloaded before import = 0
Number of asset objects unloaded after import = 2
========================================================================
Received Import Request.
  Time since last request: 0.379874 seconds.
  path: Packages/com.unity.probuilder/Content/Icons/Toolbar/Vert_Connect_disabled.png
  artifactKey: Guid(4256fc65ffe3045a189d6dc9126fc677) Importer(815301076,1909f56bfc062723c751e8b465ee728b)
Start importing Packages/com.unity.probuilder/Content/Icons/Toolbar/Vert_Connect_disabled.png using Guid(4256fc65ffe3045a189d6dc9126fc677) Importer(815301076,1909f56bfc062723c751e8b465ee728b) [PhysX] Initialized MultithreadedTaskDispatcher with 24 workers.
[PhysX] Initialized MultithreadedTaskDispatcher with 24 workers.
 -> (artifact id: '608e143a914ba99170dd1ff39daea919') in 0.012179 seconds
Number of updated asset objects reloaded before import = 0
Number of asset objects unloaded after import = 2
========================================================================
Received Import Request.
  Time since last request: 0.004453 seconds.
  path: Packages/com.unity.probuilder/Content/Icons/Toolbar/Vert_Weld.png
  artifactKey: Guid(c0b06baa896f142f09a15698ea90e521) Importer(815301076,1909f56bfc062723c751e8b465ee728b)
Start importing Packages/com.unity.probuilder/Content/Icons/Toolbar/Vert_Weld.png using Guid(c0b06baa896f142f09a15698ea90e521) Importer(815301076,1909f56bfc062723c751e8b465ee728b) [PhysX] Initialized MultithreadedTaskDispatcher with 24 workers.
[PhysX] Initialized MultithreadedTaskDispatcher with 24 workers.
 -> (artifact id: '504f96afedcd7e29ba2e1affb8cfb8e5') in 0.009872 seconds
Number of updated asset objects reloaded before import = 0
Number of asset objects unloaded after import = 2
========================================================================
Received Import Request.
  Time since last request: 0.006509 seconds.
  path: Packages/com.unity.inputsystem/InputSystem/Editor/AssetEditor/PackageResources/yellow.png
  artifactKey: Guid(47cf506b4219343519083fe1c0b8fc9c) Importer(815301076,1909f56bfc062723c751e8b465ee728b)
Start importing Packages/com.unity.inputsystem/InputSystem/Editor/AssetEditor/PackageResources/yellow.png using Guid(47cf506b4219343519083fe1c0b8fc9c) Importer(815301076,1909f56bfc062723c751e8b465ee728b) [PhysX] Initialized MultithreadedTaskDispatcher with 24 workers.
[PhysX] Initialized MultithreadedTaskDispatcher with 24 workers.
 -> (artifact id: '90380fb5439096cf8b0c169d9e0722f9') in 0.010696 seconds
Number of updated asset objects reloaded before import = 0
Number of asset objects unloaded after import = 2
========================================================================
Received Import Request.
  Time since last request: 81.896800 seconds.
  path: Packages/com.unity.inputsystem/InputSystem/Editor/AssetEditor/PackageResources/green.png
  artifactKey: Guid(ffeba93637e654de6a5906b48520dc94) Importer(815301076,1909f56bfc062723c751e8b465ee728b)
Start importing Packages/com.unity.inputsystem/InputSystem/Editor/AssetEditor/PackageResources/green.png using Guid(ffeba93637e654de6a5906b48520dc94) Importer(815301076,1909f56bfc062723c751e8b465ee728b) [PhysX] Initialized MultithreadedTaskDispatcher with 24 workers.
[PhysX] Initialized MultithreadedTaskDispatcher with 24 workers.
 -> (artifact id: 'def22d2137d56f18e31f6cff7c1d633e') in 0.011650 seconds
Number of updated asset objects reloaded before import = 0
Number of asset objects unloaded after import = 2
========================================================================
Received Import Request.
  Time since last request: 0.000019 seconds.
  path: Packages/com.unity.collab-proxy/Editor/Assets/Images/iconbrex@2x.png
  artifactKey: Guid(ab97695f01bc84c4b93e8440531417e7) Importer(815301076,1909f56bfc062723c751e8b465ee728b)
Start importing Packages/com.unity.collab-proxy/Editor/Assets/Images/iconbrex@2x.png using Guid(ab97695f01bc84c4b93e8440531417e7) Importer(815301076,1909f56bfc062723c751e8b465ee728b) [PhysX] Initialized MultithreadedTaskDispatcher with 24 workers.
[PhysX] Initialized MultithreadedTaskDispatcher with 24 workers.
 -> (artifact id: 'acc49eb420318056373ebc0b5ee10935') in 0.013138 seconds
Number of updated asset objects reloaded before import = 0
Number of asset objects unloaded after import = 3
========================================================================
Received Import Request.
  Time since last request: 0.000019 seconds.
  path: Packages/com.unity.collab-proxy/Editor/Assets/Images/icondeletedremote.png
  artifactKey: Guid(b85a4b2ec6433d04895612d791edc260) Importer(815301076,1909f56bfc062723c751e8b465ee728b)
Start importing Packages/com.unity.collab-proxy/Editor/Assets/Images/icondeletedremote.png using Guid(b85a4b2ec6433d04895612d791edc260) Importer(815301076,1909f56bfc062723c751e8b465ee728b) [PhysX] Initialized MultithreadedTaskDispatcher with 24 workers.
[PhysX] Initialized MultithreadedTaskDispatcher with 24 workers.
 -> (artifact id: 'f04c463c5df28a28df9332e50f8a8a6e') in 0.012252 seconds
Number of updated asset objects reloaded before import = 0
Number of asset objects unloaded after import = 2
========================================================================
Received Import Request.
  Time since last request: 0.005058 seconds.
  path: Packages/com.unity.collab-proxy/Editor/Assets/Images/icondeletedremoteoverlay@2x.png
  artifactKey: Guid(d5c3277b1dbad9448b46c2ec87a2cef8) Importer(815301076,1909f56bfc062723c751e8b465ee728b)
Start importing Packages/com.unity.collab-proxy/Editor/Assets/Images/icondeletedremoteoverlay@2x.png using Guid(d5c3277b1dbad9448b46c2ec87a2cef8) Importer(815301076,1909f56bfc062723c751e8b465ee728b) [PhysX] Initialized MultithreadedTaskDispatcher with 24 workers.
[PhysX] Initialized MultithreadedTaskDispatcher with 24 workers.
 -> (artifact id: '5799c981e947dff85ca81e0e393f12dd') in 0.014715 seconds
Number of updated asset objects reloaded before import = 0
Number of asset objects unloaded after import = 2
========================================================================
Received Import Request.
  Time since last request: 0.000024 seconds.
  path: Packages/com.unity.collab-proxy/Editor/Assets/Images/iconrepository.png
  artifactKey: Guid(ed64f3a17f2ede646be21ed6edc9161a) Importer(815301076,1909f56bfc062723c751e8b465ee728b)
Start importing Packages/com.unity.collab-proxy/Editor/Assets/Images/iconrepository.png using Guid(ed64f3a17f2ede646be21ed6edc9161a) Importer(815301076,1909f56bfc062723c751e8b465ee728b) [PhysX] Initialized MultithreadedTaskDispatcher with 24 workers.
[PhysX] Initialized MultithreadedTaskDispatcher with 24 workers.
 -> (artifact id: 'e467c79afa37650ba2669a2bf296ef96') in 0.012716 seconds
Number of updated asset objects reloaded before import = 0
Number of asset objects unloaded after import = 2
========================================================================
Received Import Request.
  Time since last request: 0.000021 seconds.
  path: Packages/com.unity.collab-proxy/Editor/Assets/Images/ignoredoverlay@2x.png
  artifactKey: Guid(999d04c0ea94ccc41b3d80788160695b) Importer(815301076,1909f56bfc062723c751e8b465ee728b)
Start importing Packages/com.unity.collab-proxy/Editor/Assets/Images/ignoredoverlay@2x.png using Guid(999d04c0ea94ccc41b3d80788160695b) Importer(815301076,1909f56bfc062723c751e8b465ee728b) [PhysX] Initialized MultithreadedTaskDispatcher with 24 workers.
[PhysX] Initialized MultithreadedTaskDispatcher with 24 workers.
 -> (artifact id: 'a495e5a7a0bb638f1b7f83fe575fb8ab') in 0.018648 seconds
Number of updated asset objects reloaded before import = 0
Number of asset objects unloaded after import = 2
========================================================================
Received Import Request.
  Time since last request: 0.000018 seconds.
  path: Packages/com.unity.collab-proxy/Editor/Assets/Images/iconconflictresolvedoverlay@2x.png
  artifactKey: Guid(309b1d5a294fd6c43ae9cf77656c1852) Importer(815301076,1909f56bfc062723c751e8b465ee728b)
Start importing Packages/com.unity.collab-proxy/Editor/Assets/Images/iconconflictresolvedoverlay@2x.png using Guid(309b1d5a294fd6c43ae9cf77656c1852) Importer(815301076,1909f56bfc062723c751e8b465ee728b) [PhysX] Initialized MultithreadedTaskDispatcher with 24 workers.
[PhysX] Initialized MultithreadedTaskDispatcher with 24 workers.
 -> (artifact id: 'c259e13c47b5b6f4bdad8241127509ff') in 0.015388 seconds
Number of updated asset objects reloaded before import = 0
Number of asset objects unloaded after import = 2
Editor requested this worker to shutdown with reason: Scaling down because of idle timeout
TcpMessagingSession - receive error: operation aborted. errorcode: 995, details: The I/O operation has been aborted because of either a thread exit or an application request.
AssetImportWorker is now disconnected from the server
Process exiting
Exiting without the bug reporter. Application will terminate with return code 0